domain_id,domain_name,control_id,title,description,objective,control_type,frequency,mapping_soc2,mapping_iso27001,mapping_iso27017,mapping_iso27018,mapping_nist_csf,mapping_nist_800_53,mapping_pci_dss,mapping_hipaa,mapping_gdpr,mapping_ccpa
GOV,Governance,CCF-GOV-01,Information Security Policy,"The organization establishes, approves, and communicates a formal information security policy that defines the organization's commitment to security, assigns accountability, and sets the strategic direction for the security program. The policy is reviewed at least annually and updated as needed.","Ensure a management-approved security policy exists, is communicated, and remains current.",Administrative,Annual review; update upon significant change,CC1.1; CC1.2,A.5.1,5.1.1,,GV.PO-01; GV.PO-02,PL-1; PM-1,12.1; 12.1.1,§164.316(a),Art. 24; Art. 32,§1798.100(e)
GOV,Governance,CCF-GOV-02,Security Roles and Responsibilities,"The organization defines, documents, and communicates information security roles and responsibilities for all personnel, including executive leadership, security team, IT operations, engineering, and general workforce. Accountability for control ownership is clearly assigned.",Ensure clear ownership and accountability for security responsibilities across the organization.,Administrative,Annual review; update upon organizational change,CC1.2; CC1.3,A.5.2; A.5.4,6.1.1,,GV.RR-01; GV.RR-02,PL-1; PM-2; PM-13,12.1.2; 12.4,§164.308(a)(2),Art. 24; Art. 37,
GOV,Governance,CCF-GOV-03,Executive Oversight and Reporting,"Senior leadership and/or the board of directors provide oversight of the information security program through regular reporting on security posture, risk status, compliance status, and material security events. Security metrics are reported to leadership at least quarterly.",Ensure executive visibility into and accountability for the security program.,Administrative,Quarterly reporting; annual program review,CC1.2; CC4.1; CC4.2,A.5.1; A.5.4,,,GV.OV-01; GV.OV-02; GV.OV-03,PM-1; PM-6,12.4; 12.4.1,§164.308(a)(2),Art. 24,
GOV,Governance,CCF-GOV-04,Acceptable Use Policy,"The organization defines and communicates an acceptable use policy that governs the appropriate use of organizational assets, systems, and data. The policy covers topics including personal use, prohibited activities, and consequences for violations.",Establish clear expectations for appropriate use of organizational resources.,Administrative,Annual review; acknowledgment at hire and annually,CC1.1; CC1.4,A.5.10,8.1.3,,GV.PO-01,PL-4,12.3,§164.310(b); §164.312(a)(1),,
GOV,Governance,CCF-GOV-05,Code of Conduct and Ethics,The organization maintains a code of conduct that establishes ethical expectations and behavioral standards for all personnel. Adherence is required as a condition of employment/engagement and is reinforced through regular communication.,Set ethical expectations and create accountability for organizational conduct.,Administrative,Annual acknowledgment; review upon significant change,CC1.1; CC1.4; CC1.5,A.5.4; A.6.2,,,GV.PO-01,PL-4; PS-8,12.6.3.2,§164.308(a)(1)(ii)(C),,
GOV,Governance,CCF-GOV-06,Regulatory and Contractual Compliance Management,"The organization identifies, tracks, and maintains compliance with applicable legal, regulatory, and contractual requirements. A compliance register is maintained and reviewed regularly to ensure obligations are met and changes are addressed.",Ensure the organization meets all applicable external obligations.,Administrative,Continuous; formal review quarterly,CC2.3; CC3.1,A.5.31; A.5.32; A.5.33; A.5.34,,A.18.1.4,GV.OC-02; GV.OC-03,CA-2; PM-10,12.1.1; 12.4.2,§164.316(b)(2)(iii),Art. 24; Art. 5(2),§1798.185
RSK,Risk Management,CCF-RSK-01,Risk Management Program,"The organization establishes and maintains a formal risk management program that defines the methodology, scope, frequency, and criteria for information security risk assessments. The program is aligned with organizational objectives and risk appetite.",Provide a systematic approach to identifying and managing information security risks.,Administrative,Annual program review; continuous risk identification,CC3.1; CC3.2,A.5.8,,,GV.RM-01; GV.RM-02; ID.RA-01,RA-1; RA-2; PM-9,12.3.1,§164.308(a)(1)(ii)(A),Art. 32(2); Art. 35,§1798.100(e)
RSK,Risk Management,CCF-RSK-02,Risk Assessment Execution,"The organization performs comprehensive risk assessments at least annually and upon significant changes to the environment, business, or threat landscape. Assessments identify threats, vulnerabilities, likelihood, and impact to organizational assets and operations.",Identify and evaluate current security risks based on the threat environment.,Administrative,Annual; upon significant change; new projects/systems,CC3.2; CC3.3,A.5.8; A.8.8,,,ID.RA-01; ID.RA-02; ID.RA-03,RA-3; RA-5,6.3.1; 12.3.1,§164.308(a)(1)(ii)(A),Art. 32(2); Art. 35(1),
RSK,Risk Management,CCF-RSK-03,Risk Treatment and Mitigation,"The organization defines and implements risk treatment plans for identified risks. Treatment options include mitigation, transfer, acceptance, and avoidance. Risk owners are assigned and accountable for the implementation and effectiveness of treatment plans.",Ensure identified risks are addressed through appropriate treatment actions.,Administrative,Ongoing; reviewed quarterly,CC3.3; CC3.4; CC5.1,A.5.8,,,ID.RA-05; ID.RA-06,RA-7; PM-4,12.3.1,§164.308(a)(1)(ii)(B),Art. 32(1),
RSK,Risk Management,CCF-RSK-04,Risk Register Maintenance,"The organization maintains a risk register that documents identified risks, risk ratings, risk owners, treatment decisions, and residual risk. The register is reviewed and updated at least quarterly and upon identification of new material risks.","Maintain a centralized, current view of the organization's risk posture.",Administrative,Quarterly update; continuous intake,CC3.2; CC3.4; CC4.1,A.5.8,,,ID.RA-04; GV.RM-05,PM-4; RA-3,12.3.1,§164.308(a)(1)(ii)(A),Art. 32(2),
RSK,Risk Management,CCF-RSK-05,Risk Acceptance,The organization maintains a formal risk acceptance process requiring documented approval from authorized management for risks that exceed tolerance levels or will not be treated within defined timeframes. Accepted risks are periodically re-evaluated.,Ensure residual risks are consciously accepted by accountable individuals.,Administrative,Per occurrence; annual re-evaluation of accepted risks,CC3.4; CC5.3,A.5.8,,,GV.RM-06; GV.RM-07,PM-9; CA-5,12.3.1,§164.308(a)(1)(ii)(B),Art. 32,
RSK,Risk Management,CCF-RSK-06,Threat Intelligence,"The organization collects, analyzes, and acts upon threat intelligence relevant to its industry, technology stack, and threat profile. Threat information is used to inform risk assessments, security monitoring, and vulnerability management activities.",Maintain awareness of the current threat landscape to proactively manage risk.,Operational,Continuous,CC3.1; CC7.2,A.5.7,,,ID.RA-02,PM-16; RA-3; SI-5,6.3.1,,,
HRS,Human Resources Security,CCF-HRS-01,Background Screening,The organization conducts background checks on personnel prior to granting access to organizational systems and data. The scope of screening is commensurate with the role's level of access and applicable legal requirements.,Verify the trustworthiness and suitability of personnel before granting access.,Administrative,Prior to employment/engagement; periodic re-screening for sensitive roles,CC1.4,A.6.1,,A.11.4,PR.IP-11,PS-3,12.7; 12.7.1,§164.308(a)(3)(ii)(B),,
HRS,Human Resources Security,CCF-HRS-02,Confidentiality and Security Agreements,"Personnel and relevant third parties are required to acknowledge and sign confidentiality (NDA) and security obligations as a condition of access to organizational systems and data. Agreements cover data handling, acceptable use, and post-employment obligations.",Establish binding security and confidentiality obligations for all personnel.,Administrative,At hire/engagement; upon material policy change,CC1.4; CC1.5,A.6.2; A.5.14,6.1.2,A.6.1.2,PR.IP-11,PS-6; PL-4,12.8.2,§164.308(a)(4)(ii)(B); §164.314(a)(2),Art. 28(3); Art. 38(5),§1798.140(w)
HRS,Human Resources Security,CCF-HRS-03,Security Awareness Training,"The organization provides security awareness training to all personnel upon hire and at least annually thereafter. Training covers the organization's security policies, common threats (phishing, social engineering), data handling requirements, and incident reporting procedures. Role-specific training is provided for personnel in security-sensitive functions.",Ensure all personnel understand their security responsibilities and can identify common threats.,Administrative,At onboarding; annual refresher; ad hoc for emerging threats,CC1.4; CC2.2,A.6.3,7.2.2,A.7.2.2,PR.AT-01; PR.AT-02,AT-2; AT-3; AT-4,12.6; 12.6.1; 12.6.2,§164.308(a)(5)(i); §164.308(a)(5)(ii)(A),Art. 39(1)(b); Art. 47(2)(n),
HRS,Human Resources Security,CCF-HRS-04,Disciplinary Process,"The organization maintains a formal disciplinary process for personnel who violate security policies. The process includes escalation procedures, investigation steps, and consequences proportionate to the severity and nature of the violation.",Deter security policy violations and ensure consistent enforcement.,Administrative,Per occurrence; annual policy review,CC1.5,A.6.4,,,,PS-8,12.6.3.2,§164.308(a)(1)(ii)(C),,
HRS,Human Resources Security,CCF-HRS-05,Personnel Offboarding and Termination,"The organization implements a formal offboarding process that ensures timely revocation of access upon termination, resignation, or role change. The process includes return of assets, revocation of logical and physical access, and knowledge transfer where appropriate.",Prevent unauthorized access by former or transitioning personnel.,Administrative,Per occurrence (same day for involuntary; within 24 hours for voluntary),CC6.2; CC6.5,A.6.5,,,PR.AA-05,PS-4; PS-5,8.2.6; 12.7,§164.308(a)(3)(ii)(C),,
AAM,Asset Management,CCF-AAM-01,Asset Inventory,"The organization maintains a complete and accurate inventory of information assets including hardware, software, cloud resources, and data stores. Asset ownership is assigned and the inventory is updated continuously or reviewed at least quarterly.",Maintain visibility into all organizational assets to enable effective security management.,Operational,Continuous (automated); quarterly manual review,CC6.1,A.5.9; A.5.10; A.5.11,8.1.1,,ID.AM-01; ID.AM-02,CM-8; PM-5,9.5.1; 12.5.1,§164.310(d)(1),Art. 30,§1798.100(a)
AAM,Asset Management,CCF-AAM-02,Data Classification,"The organization implements a data classification scheme that categorizes data based on sensitivity, regulatory requirements, and business value. Classification levels (e.g., Public, Internal, Confidential, Restricted) drive data handling, storage, and transmission requirements.",Enable appropriate protection of data based on its sensitivity and value.,Administrative,At data creation; reviewed annually; upon regulatory change,CC6.1; C1.1,A.5.12; A.5.13,8.2.2,A.10.1,ID.AM-05,RA-2; SC-16,9.4.1,§164.312(a)(1),Art. 9; Art. 10,§1798.140(v)
AAM,Asset Management,CCF-AAM-03,Media and Asset Disposal,The organization implements procedures for the secure disposal and destruction of media and assets containing sensitive data. Disposal methods are commensurate with the data classification and include verification of destruction.,Prevent unauthorized disclosure of data through improper asset disposal.,Operational,Per occurrence; annual process review,CC6.5,A.7.10; A.7.14; A.8.10,,A.9.4.2,PR.DS-03,MP-6; PE-16,9.4.5; 9.4.6; 9.4.7,§164.310(d)(2)(i); §164.310(d)(2)(ii),Art. 17,§1798.105
AAM,Asset Management,CCF-AAM-04,Cloud Resource Management,"The organization maintains an inventory and governance process for cloud resources, including IaaS, PaaS, and SaaS services. Cloud resource provisioning follows approved architecture patterns and is subject to configuration management and tagging standards.","Ensure cloud resources are inventoried, governed, and secured throughout their lifecycle.",Operational,Continuous (automated); monthly review,CC6.1; CC7.1,A.5.23,CLD.6.3; CLD.8.1,,ID.AM-02,CM-8; SA-9,2.1.1; 11.2.1,§164.308(a)(1)(ii)(A),Art. 28,
IAM,Identity and Access Management,CCF-IAM-01,Access Control Policy,"The organization establishes an access control policy based on the principles of least privilege and need-to-know. The policy defines access authorization requirements, role-based access control (RBAC) standards, and procedures for granting, modifying, and revoking access.",Establish the foundational policy for controlling access to organizational resources.,Administrative,Annual review; update upon significant change,CC6.1; CC6.3,A.5.15; A.8.3,9.1.1,,PR.AA-01,AC-1; AC-2; AC-3,7.1; 7.2,§164.312(a)(1); §164.308(a)(4)(i),Art. 25; Art. 32(1)(b),
IAM,Identity and Access Management,CCF-IAM-02,User Provisioning and Deprovisioning,"The organization implements a formal process for provisioning and deprovisioning user accounts. Provisioning requires documented authorization from appropriate management. Deprovisioning occurs promptly upon role change, transfer, or termination.",Ensure access is granted only when authorized and removed when no longer needed.,Operational,Per occurrence; automated where possible,CC6.1; CC6.2,A.5.16; A.5.18,9.2.1,,PR.AA-01; PR.AA-05,AC-2,7.1; 8.2.4; 8.2.5; 8.2.6,§164.308(a)(3)(ii)(A); §164.308(a)(3)(ii)(C),,
IAM,Identity and Access Management,CCF-IAM-03,Multi-Factor Authentication,"The organization requires multi-factor authentication (MFA) for all access to production systems, remote access, administrative interfaces, cloud consoles, and customer-facing applications where supported. MFA methods conform to industry standards (e.g., TOTP, FIDO2, push notification).",Reduce the risk of unauthorized access due to credential compromise.,Technical,Continuous enforcement; annual MFA coverage review,CC6.1; CC6.6,A.8.5,9.4.2,,PR.AA-03,IA-2(1); IA-2(2),8.4.1; 8.4.2; 8.4.3,§164.312(d),Art. 32(1)(b),
IAM,Identity and Access Management,CCF-IAM-04,Privileged Access Management,"The organization restricts and monitors privileged (administrative) access to information systems. Privileged access is granted based on demonstrated need, uses separate accounts from standard user accounts, and is subject to enhanced logging and periodic review.",Minimize the attack surface from administrative access and ensure accountability.,Technical,Continuous enforcement; quarterly review of privileged accounts,CC6.1; CC6.3,A.8.2; A.8.18,9.2.3,,PR.AA-05,AC-6(5); AC-6(7); AC-6(10),7.2.1; 8.6.1,§164.312(a)(1),Art. 32(1)(b),
IAM,Identity and Access Management,CCF-IAM-05,Access Reviews,"The organization conducts periodic access reviews to validate that user access rights remain appropriate and aligned with job responsibilities. Reviews cover both standard and privileged accounts, including third-party access. Inappropriate access is remediated promptly.","Detect and remediate access drift, orphaned accounts, and excessive permissions.",Operational,Quarterly for privileged access; semi-annually for standard access,CC6.1; CC6.2; CC6.3,A.5.18; A.8.2,9.2.5,,PR.AA-05,AC-2(3); AC-6(7),7.2.4; 7.2.5,§164.308(a)(4)(ii)(C),,
IAM,Identity and Access Management,CCF-IAM-06,Password and Credential Management,"The organization enforces password and credential management standards including minimum complexity requirements, expiration policies (where applicable), and prohibition of credential sharing. Credentials are stored using secure hashing algorithms and never in plaintext.","Ensure authentication credentials are strong, unique, and securely managed.",Technical,Continuous enforcement,CC6.1,A.5.17; A.8.5,9.4.3,,PR.AA-03,IA-5,8.3.1; 8.3.4; 8.3.6; 8.3.7,§164.312(d),Art. 32(1),
IAM,Identity and Access Management,CCF-IAM-07,Service Account and API Key Management,"The organization manages service accounts, API keys, and machine credentials through a formal lifecycle process. Service accounts are inventoried, assigned owners, granted minimum necessary permissions, and subject to credential rotation. Shared or embedded credentials are prohibited.",Prevent unauthorized access through unmanaged non-human identities.,Technical,Continuous; quarterly inventory review; rotation per policy,CC6.1; CC6.3,A.5.16; A.5.18; A.8.5,9.2.1,,PR.AA-01; PR.AA-03,AC-2; IA-4; IA-5,8.6.1; 8.6.2; 8.6.3,§164.312(d),,
IAM,Identity and Access Management,CCF-IAM-08,Single Sign-On and Centralized Authentication,"The organization implements centralized authentication through a single sign-on (SSO) solution integrated with a corporate identity provider (IdP). Application access is federated through the IdP, enabling centralized policy enforcement and streamlined access lifecycle management.",Centralize authentication to enable consistent policy enforcement and auditability.,Technical,Continuous; annual coverage review for SSO integration gaps,CC6.1,A.8.5,9.4.2,,PR.AA-03,IA-2; IA-8,7.2; 8.4,§164.312(d),,
IAM,Identity and Access Management,CCF-IAM-09,Remote Access Security,"The organization controls remote access to organizational systems through authorized, encrypted channels (e.g., VPN, zero-trust network access). Remote access requires MFA and is logged. Access from unmanaged or non-compliant devices is restricted.",Secure remote connectivity while maintaining visibility and control.,Technical,Continuous enforcement,CC6.1; CC6.6,A.8.1; A.6.7,,,PR.AA-03,AC-17,8.4.3; 12.3.1,§164.312(a)(1); §164.312(e)(1),Art. 32(1),
CRY,Cryptography,CCF-CRY-01,Encryption Policy,"The organization establishes a cryptographic policy that defines approved encryption standards, algorithms, key lengths, and use cases for data at rest, in transit, and in use. The policy prohibits the use of deprecated or weak cryptographic methods.",Establish consistent cryptographic standards across the organization.,Administrative,Annual review; update upon cryptographic vulnerability disclosure,CC6.1; CC6.7,A.8.24,10.1.1,A.10.1.2,PR.DS-01; PR.DS-02,SC-13,3.6.1; 4.2.1,§164.312(a)(2)(iv); §164.312(e)(2)(ii),Art. 32(1)(a),§1798.150(a)
CRY,Cryptography,CCF-CRY-02,Encryption at Rest,"The organization encrypts sensitive data at rest using approved algorithms (e.g., AES-256) across all storage systems including databases, object storage, file systems, backups, and removable media. Encryption is enforced by default for all environments containing production or customer data.",Protect stored data from unauthorized disclosure in the event of unauthorized access to storage systems.,Technical,Continuous enforcement; annual configuration review,CC6.1; CC6.7; C1.1,A.8.24,10.1.1,A.11.6,PR.DS-01,SC-28,3.5.1; 3.5.1.1,§164.312(a)(2)(iv),Art. 32(1)(a),§1798.150(a)
CRY,Cryptography,CCF-CRY-03,Encryption in Transit,"The organization encrypts data in transit using approved protocols (e.g., TLS 1.2+, SSH) for all internal and external communications. Unencrypted transmission of sensitive data is prohibited. Certificate validation is enforced and insecure protocol fallback is disabled.",Protect data from interception or tampering during transmission.,Technical,Continuous enforcement; annual protocol review,CC6.1; CC6.7; C1.1,A.8.24,10.1.1; 13.1.1,A.13.1.1,PR.DS-02,SC-8; SC-23,4.2.1; 4.2.1.1,§164.312(e)(1); §164.312(e)(2)(ii),Art. 32(1)(a),
CRY,Cryptography,CCF-CRY-04,Cryptographic Key Management,"The organization implements a key management program covering the full lifecycle of cryptographic keys: generation, distribution, storage, rotation, revocation, and destruction. Keys are generated using approved random number generators, stored in dedicated key management systems (KMS/HSM), and rotated per defined schedules.",Ensure cryptographic keys are securely managed throughout their lifecycle.,Technical,Continuous; rotation per policy; annual key management review,CC6.1; CC6.7,A.8.24,10.1.2,A.10.1.2,PR.DS-01,SC-12,3.6.1; 3.7.1; 3.7.2; 3.7.3; 3.7.4,§164.312(a)(2)(iv),Art. 32(1)(a),
CRY,Cryptography,CCF-CRY-05,Certificate Management,"The organization maintains an inventory of TLS/SSL and other digital certificates, monitors certificate expiration, and ensures timely renewal. Certificates are issued by trusted certificate authorities and use approved key lengths and algorithms.",Prevent service disruptions and security exposures from expired or misconfigured certificates.,Operational,Continuous monitoring; automated renewal where possible,CC6.7,A.8.24,10.1.1,,PR.DS-02,SC-17,4.2.1,,,
PHY,Physical Security,CCF-PHY-01,Physical Access Controls,"The organization restricts physical access to facilities, data centers, and sensitive areas to authorized personnel. Access control mechanisms include badge systems, biometric readers, and key management. Access is granted based on job role and revoked promptly upon role change or termination.",Prevent unauthorized physical access to facilities containing information assets.,Physical,Continuous enforcement; quarterly access list review,CC6.4,A.7.1; A.7.2; A.7.3,11.1.1,,PR.AA-02,PE-2; PE-3; PE-6,9.2; 9.3,§164.310(a)(1); §164.310(a)(2)(ii); §164.310(a)(2)(iii),Art. 32(1)(b),
PHY,Physical Security,CCF-PHY-02,Visitor Management,"The organization maintains a visitor management process that includes visitor registration, identification verification, escort requirements, and visitor log maintenance. Visitors are not permitted unescorted access to sensitive areas.",Control and document visitor access to organizational facilities.,Physical,Per occurrence; monthly log review,CC6.4,A.7.2,,,PR.AA-02,PE-8,9.3.1; 9.3.2; 9.3.3,§164.310(a)(2)(iii),,
PHY,Physical Security,CCF-PHY-03,Environmental Controls,"The organization implements environmental protections for facilities housing critical systems including fire detection and suppression, climate controls (HVAC), water detection, and uninterruptible power supply (UPS). Environmental systems are monitored and tested regularly.",Protect information systems from environmental threats and failures.,Physical,Continuous monitoring; semi-annual testing,A1.2,A.7.5; A.7.8; A.7.11; A.7.12,,,PR.IR-03,PE-10; PE-11; PE-12; PE-13; PE-14; PE-15,9.1.1,§164.310(a)(2)(ii),,
PHY,Physical Security,CCF-PHY-04,Equipment Security and Maintenance,"The organization implements controls to protect equipment from theft, loss, and unauthorized access. Equipment is maintained according to manufacturer specifications and service schedules. Off-site equipment is subject to the same security requirements as on-site assets.",Ensure organizational equipment remains secure and operational.,Physical,Continuous; scheduled maintenance per equipment type,CC6.4; CC6.5,A.7.8; A.7.9; A.7.10; A.7.13,,,PR.IR-01,MA-2; MA-3; MA-4; PE-16,9.4.3; 9.4.4,§164.310(c); §164.310(d)(1),,
OPS,Operations Security,CCF-OPS-01,System Hardening,"The organization establishes and maintains system hardening standards (benchmarks) for all operating systems, databases, containers, and network devices. Systems are hardened prior to production deployment and configuration compliance is continuously monitored against approved baselines (e.g., CIS Benchmarks).","Reduce the attack surface by removing unnecessary services, features, and default configurations.",Technical,At provisioning; continuous drift detection; quarterly benchmark review,CC6.1; CC6.8; CC7.1,A.8.9,12.1.1,,PR.IR-01,CM-6; CM-7; SC-2,2.2; 2.2.1; 2.2.4; 2.2.5,§164.312(a)(1),Art. 32(1),
OPS,Operations Security,CCF-OPS-02,Vulnerability Management,"The organization maintains a vulnerability management program that includes regular vulnerability scanning (infrastructure, application, container), assessment, prioritization, and remediation. Critical and high vulnerabilities in production are remediated within defined SLAs. Vulnerability assessment results are tracked to closure.",Identify and remediate security vulnerabilities before they can be exploited.,Operational,"Continuous scanning; remediation per SLA (e.g., Critical: 7 days, High: 30 days)",CC7.1; CC3.2,A.8.8,12.6.1,,ID.RA-01; PR.IR-01,RA-5; SI-2,6.3.1; 11.3.1; 11.3.2,§164.308(a)(1)(ii)(A),Art. 32(1),
OPS,Operations Security,CCF-OPS-03,Patch Management,"The organization implements a patch management process that ensures timely application of security patches across operating systems, applications, firmware, and third-party components. Patches are tested before deployment to production and deployed within defined SLAs based on severity.",Remediate known vulnerabilities through timely patching of systems and software.,Operational,Continuous; patching per SLA; monthly patching cycles for routine updates,CC7.1,A.8.8; A.8.19,12.6.1,,PR.IR-01,SI-2,6.3.3,§164.308(a)(1)(ii)(A),Art. 32(1),
OPS,Operations Security,CCF-OPS-04,Malware Protection,"The organization deploys endpoint protection (EPP/EDR) solutions across all endpoints and servers. Anti-malware definitions are updated automatically. Endpoint protection alerts are monitored, triaged, and investigated. Users are prevented from disabling endpoint security controls.",Detect and prevent malware infections across organizational systems.,Technical,Continuous; daily signature updates; real-time behavioral analysis,CC6.8; CC7.1,A.8.7,12.2.1,,DE.CM-01,SI-3,5.2; 5.3; 5.3.1; 5.3.2,§164.308(a)(5)(ii)(B),Art. 32(1),
OPS,Operations Security,CCF-OPS-05,Backup Management,"The organization performs regular backups of critical data and system configurations. Backups are encrypted, tested for recoverability on a defined schedule, and stored in geographically separated locations. Backup retention periods align with business requirements and regulatory obligations.","Ensure data and system recoverability in the event of data loss, corruption, or disaster.",Operational,Daily backups (or per RPO); quarterly restore testing,A1.2; CC7.5,A.8.13,12.3.1,A.9.4.2,PR.DS-04,CP-9; CP-10,9.4.1.1,§164.308(a)(7)(ii)(A); §164.310(d)(2)(iv),Art. 32(1)(c),
OPS,Operations Security,CCF-OPS-06,Capacity and Performance Management,"The organization monitors system capacity and performance to ensure adequate resources are available to meet operational demands. Capacity thresholds are defined, monitored, and trigger automated scaling or alerting. Capacity planning is performed periodically to anticipate future needs.",Ensure system availability and performance by proactively managing resource capacity.,Operational,Continuous monitoring; quarterly capacity planning,A1.1; A1.2,A.8.6,12.1.3,,PR.IR-04,CP-2; SC-5,,§164.308(a)(7)(ii)(B),Art. 32(1)(b),
OPS,Operations Security,CCF-OPS-07,Clock Synchronization,"The organization synchronizes system clocks across all infrastructure to a consistent, authoritative time source (e.g., NTP, GPS). Accurate time synchronization is essential for log correlation, forensic investigation, and compliance evidence.",Ensure accurate and consistent timestamps across all systems for auditability.,Technical,Continuous synchronization; quarterly verification,CC7.2,A.8.17,,,DE.AE-05,AU-8,10.6; 10.6.1; 10.6.2; 10.6.3,§164.312(b),,
NET,Network Security,CCF-NET-01,Network Architecture and Segmentation,"The organization designs and maintains a network architecture that segments systems based on trust levels, data sensitivity, and functional requirements. Production, staging, development, and corporate environments are logically or physically segmented. Network segmentation is enforced through firewalls, VPCs, security groups, or equivalent controls.",Limit the blast radius of security incidents and enforce data isolation.,Technical,Continuous enforcement; annual architecture review,CC6.1; CC6.6,A.8.22,13.1.3,,PR.IR-01,SC-7; AC-4,1.2.1; 1.3.1; 1.3.2; 1.4.1,§164.312(e)(1),Art. 32(1),
NET,Network Security,CCF-NET-02,Firewall and Security Group Management,"The organization implements and maintains firewalls, security groups, and network ACLs to control traffic flow between network segments and to/from the internet. Firewall rules follow deny-by-default principles, are documented with business justification, and are reviewed at least semi-annually.",Control network traffic flow and enforce authorized communication paths.,Technical,Continuous enforcement; semi-annual rule review,CC6.1; CC6.6,A.8.20; A.8.21,13.1.1,,PR.IR-01,SC-7(5),1.2.1; 1.2.5; 1.2.6; 1.2.7,§164.312(e)(1),Art. 32(1),
NET,Network Security,CCF-NET-03,Intrusion Detection and Prevention,"The organization deploys network intrusion detection and prevention systems (IDS/IPS) at critical network boundaries and internal segments. Detection signatures and behavioral rules are updated regularly. Alerts are monitored, triaged, and investigated.",Detect and block malicious network activity.,Technical,Continuous monitoring; daily signature updates,CC7.2; CC7.3,A.8.16,,,DE.CM-01,SI-4,11.5; 11.5.1,§164.312(b),Art. 32(1),
NET,Network Security,CCF-NET-04,Web Application Firewall,The organization deploys a web application firewall (WAF) in front of all public-facing web applications. The WAF is configured to detect and block common web attacks (OWASP Top 10) and is tuned to minimize false positives while maintaining effective protection.,Protect public-facing web applications from common attack vectors.,Technical,Continuous enforcement; quarterly rule review,CC6.6,A.8.20,,,PR.IR-01; DE.CM-06,SC-7; SI-4,6.4.1; 6.4.2,,Art. 32(1),
NET,Network Security,CCF-NET-05,DDoS Protection,"The organization implements distributed denial-of-service (DDoS) protection for public-facing services and infrastructure. Protection includes volumetric, protocol, and application-layer DDoS mitigation. Response procedures and escalation paths are documented and tested.",Maintain service availability against denial-of-service attacks.,Technical,Continuous; annual DDoS simulation/tabletop,A1.2; CC6.6,A.8.20,13.1.3,,PR.IR-04,SC-5,11.5,§164.308(a)(7)(i),Art. 32(1)(b),
NET,Network Security,CCF-NET-06,DNS Security,"The organization implements DNS security controls including DNSSEC where applicable, DNS filtering, and monitoring for DNS-based attacks (e.g., tunneling, cache poisoning). Internal DNS is separated from external DNS resolution.",Protect DNS infrastructure from manipulation and abuse.,Technical,Continuous; annual configuration review,CC6.6; CC7.1,A.8.20,,,PR.IR-01,SC-20; SC-21; SC-22,,,,
SDL,Secure Development Lifecycle,CCF-SDL-01,Secure Development Policy,"The organization establishes a secure development policy that mandates security activities throughout the software development lifecycle (SDLC). The policy covers secure coding standards, security testing requirements, code review expectations, and security approval gates.",Ensure security is a first-class requirement throughout the development process.,Administrative,Annual review; update for new technology stacks,CC8.1,A.8.25; A.8.26,14.1.1,,PR.IR-01,SA-3; SA-15,6.2; 6.2.1,§164.312(a)(1),Art. 25,
SDL,Secure Development Lifecycle,CCF-SDL-02,Security Requirements in Design,"The organization incorporates security and privacy requirements into the design phase of application and system development. Threat modeling or security design reviews are conducted for new features, significant changes, and new integrations.",Identify and address security risks early in the design phase.,Operational,Per feature/project; at design phase,CC8.1,A.8.25,14.1.1,,PR.IR-01,SA-8; SA-11,6.2.1,,Art. 25(1),
SDL,Secure Development Lifecycle,CCF-SDL-03,Code Review,"The organization requires peer code review for all changes to production code prior to merge and deployment. Code reviews evaluate functional correctness, security implications, coding standards compliance, and identify potential vulnerabilities or logic flaws.",Catch defects and security issues before code reaches production.,Operational,Per code change (every pull request/merge request),CC8.1,A.8.25,,,PR.IR-01,SA-11,6.2.3.1,,,
SDL,Secure Development Lifecycle,CCF-SDL-04,Static and Dynamic Application Security Testing,"The organization integrates static application security testing (SAST) and dynamic application security testing (DAST) into the CI/CD pipeline. SAST scans are performed on every build. DAST scans are performed against staging/pre-production environments on a regular cadence. Findings are triaged, prioritized, and remediated per defined SLAs.",Identify application-level vulnerabilities through automated testing.,Technical,SAST: every build; DAST: per release or at minimum monthly,CC7.1; CC8.1,A.8.25; A.8.29,,,PR.IR-01; DE.CM-06,SA-11,6.2.4; 11.3.1,§164.308(a)(1)(ii)(A),Art. 32(1),
SDL,Secure Development Lifecycle,CCF-SDL-05,Penetration Testing,"The organization conducts penetration testing of production applications and infrastructure at least annually and upon significant changes. Testing includes both external and internal perspectives, is performed by qualified testers (internal or third-party), and findings are remediated within defined SLAs.",Validate security controls through adversarial testing of production systems.,Operational,Annual (minimum); upon major release; continuous for bug bounty programs,CC4.1; CC7.1,A.8.8,,,ID.RA-01,CA-8,11.4; 11.4.1,§164.308(a)(8),Art. 32(1)(d),
SDL,Secure Development Lifecycle,CCF-SDL-06,Software Dependency and Supply Chain Security,"The organization maintains controls over third-party software dependencies including software composition analysis (SCA), vulnerability scanning of open-source libraries, license compliance checking, and software bill of materials (SBOM) generation. Vulnerable dependencies are remediated per defined SLAs.",Manage security risks from third-party and open-source software components.,Technical,Continuous (integrated into CI/CD); quarterly dependency review,CC7.1; CC9.2,A.8.28,,,ID.RA-01,SA-12; SR-3; SR-4,6.3.2,,,
SDL,Secure Development Lifecycle,CCF-SDL-07,Environment Separation,"The organization maintains separate environments for development, testing/staging, and production. Production data is not used in non-production environments without anonymization/masking. Access to production is restricted to authorized personnel and deployments follow the approved change management process.",Prevent unauthorized changes and data exposure through environment isolation.,Technical,Continuous enforcement; annual environment architecture review,CC6.1; CC8.1,A.8.25; A.8.31,12.1.4,A.11.6,PR.DS-01,CM-4; SA-11,6.5.1; 6.5.2; 6.5.3; 6.5.4,§164.312(a)(1),Art. 32(1),
CHM,Change Management,CCF-CHM-01,Change Management Policy and Process,"The organization establishes a change management policy that defines the process for requesting, evaluating, approving, implementing, and reviewing changes to information systems. The process covers standard, normal, and emergency change types with appropriate governance for each.","Ensure changes are controlled, authorized, and traceable.",Administrative,Annual policy review; per-change execution,CC8.1,A.8.32,12.1.2,,PR.IP-03,CM-1; CM-3,6.5.1,§164.312(a)(1),,
CHM,Change Management,CCF-CHM-02,Change Authorization and Approval,All changes to production systems require documented approval prior to deployment. Approval authority is commensurate with the risk and scope of the change. The developer/requester cannot self-approve changes to production (segregation of duties).,Ensure no unauthorized changes are deployed to production.,Operational,Per change,CC8.1,A.8.32,,,PR.IP-03,CM-3(1),6.5.1; 6.5.2,§164.312(a)(1),,
CHM,Change Management,CCF-CHM-03,Change Testing and Validation,"Changes are tested in a non-production environment prior to production deployment. Testing includes functional validation, regression testing, and security impact assessment as appropriate. Automated testing is integrated into the CI/CD pipeline.",Prevent defects and security issues from being introduced through changes.,Operational,Per change,CC8.1,A.8.29; A.8.32,,,PR.IP-03,CM-4; SA-11,6.2.3; 6.5.3,,,
CHM,Change Management,CCF-CHM-04,Emergency Change Process,"The organization maintains an emergency change process for urgent production fixes that cannot follow the standard change process. Emergency changes require post-implementation review, retroactive approval, and documentation within a defined timeframe.",Enable rapid response to production issues while maintaining accountability.,Operational,Per occurrence; retroactive review within 48 hours,CC8.1,A.8.32,,,PR.IP-03,CM-3(1),6.5.1,,,
CHM,Change Management,CCF-CHM-05,Configuration Management,"The organization maintains and enforces approved configuration baselines for systems, applications, and infrastructure. Configuration is managed as code (IaC) where possible, version controlled, and deviations from approved baselines are detected and remediated.",Maintain known-good system configurations and detect unauthorized deviations.,Technical,Continuous (IaC/drift detection); quarterly baseline review,CC7.1; CC8.1,A.8.9,12.1.1,,PR.IP-01,CM-2; CM-3; CM-6,2.2,,,
CHM,Change Management,CCF-CHM-06,Release Management,"The organization implements a release management process that governs the packaging, scheduling, and deployment of software releases to production. Release procedures include rollback plans, deployment verification, and post-deployment monitoring.",Ensure reliable and controlled deployment of software to production.,Operational,Per release,CC8.1,A.8.32,14.2.2,,PR.IP-03,CM-3; SA-10,6.5.1; 6.5.4,,,
LOG,Logging and Monitoring,CCF-LOG-01,Audit Logging Standards,"The organization defines and enforces audit logging standards specifying what events must be logged, the minimum data fields per log entry (who, what, when, where, outcome), and which systems are in scope. Logging is enabled for authentication events, access decisions, administrative actions, data access, and configuration changes.",Ensure security-relevant events are captured consistently across all systems.,Technical,Continuous enforcement; annual logging coverage review,CC7.2,A.8.15,12.4.1,A.12.4.1,DE.AE-03,AU-2; AU-3,10.2; 10.2.1; 10.2.2,§164.312(b),Art. 30,
LOG,Logging and Monitoring,CCF-LOG-02,Centralized Log Collection and Aggregation,"The organization collects and aggregates logs from all in-scope systems into a centralized SIEM or log management platform. Log collection covers cloud infrastructure, applications, databases, identity systems, network devices, and security tools.",Enable correlated analysis and investigation by centralizing log data.,Technical,Continuous; monthly coverage review,CC7.2; CC7.3,A.8.15,12.4.1,,DE.AE-03,AU-6; SI-4,10.3; 10.3.3,§164.312(b),,
LOG,Logging and Monitoring,CCF-LOG-03,Log Retention,"The organization retains audit logs for a minimum period defined by regulatory and business requirements. Log retention periods meet or exceed requirements of applicable frameworks (typically 1 year minimum, with 90 days online). Logs are protected from unauthorized modification or deletion.","Ensure log data is available for investigation, audit, and compliance purposes.",Technical,Continuous; annual retention policy review,CC7.2,A.8.15,12.4.1,A.12.4.1,DE.AE-03,AU-11,10.5.1,§164.312(b),Art. 5(1)(e),
LOG,Logging and Monitoring,CCF-LOG-04,Security Monitoring and Alerting,"The organization implements security monitoring with defined detection rules, alerting thresholds, and escalation procedures. Monitoring covers indicators of compromise (IoCs), anomalous behavior, policy violations, and high-risk events. Alerts are triaged and investigated within defined SLAs.",Detect security incidents and threats in a timely manner through active monitoring.,Technical,Continuous (24/7 where applicable); monthly detection rule review,CC7.2; CC7.3,A.8.16,12.4.1,,DE.CM-01; DE.CM-06; DE.AE-02,SI-4; IR-4,10.4.1; 10.7,§164.308(a)(1)(ii)(D); §164.312(b),Art. 32(1),
LOG,Logging and Monitoring,CCF-LOG-05,Log Integrity Protection,"The organization protects log data from unauthorized modification, deletion, and tampering. Controls include write-once storage, separate log storage accounts, access restrictions to log management systems, and integrity verification mechanisms.",Ensure log data remains trustworthy for investigation and compliance purposes.,Technical,Continuous enforcement; annual integrity review,CC7.2,A.8.15,12.4.2,,DE.AE-03,AU-9; AU-10,10.3.2,§164.312(b); §164.312(c)(1),,
INC,Incident Management,CCF-INC-01,Incident Response Plan,"The organization maintains a documented incident response plan that defines incident classification, roles and responsibilities, communication procedures, escalation paths, containment strategies, and post-incident review processes. The plan is tested at least annually through tabletop exercises or simulations.",Ensure the organization can respond to security incidents in a structured and effective manner.,Administrative,Annual review and testing; update after significant incidents,CC7.3; CC7.4; CC7.5,A.5.24; A.5.25; A.5.26,16.1.1,A.16.1.1,RS.MA-01; RS.MA-02,IR-1; IR-8,12.10.1; 12.10.2,§164.308(a)(6)(i); §164.308(a)(6)(ii),Art. 33; Art. 34,
INC,Incident Management,CCF-INC-02,Incident Detection and Reporting,"The organization implements mechanisms for detecting and reporting security incidents including automated detection through monitoring systems, employee reporting channels, and external reporting mechanisms (e.g., responsible disclosure program). All personnel are trained to recognize and report potential security incidents.",Enable timely identification and reporting of security incidents from all sources.,Operational,Continuous; training at onboarding and annually,CC7.2; CC7.3,A.6.8; A.8.16,16.1.2,,DE.AE-02; DE.AE-06,IR-4; IR-6,12.10.5,§164.308(a)(6)(ii),Art. 33(1),
INC,Incident Management,CCF-INC-03,"Incident Containment, Eradication, and Recovery","The organization implements procedures for containing active security incidents, eradicating the root cause, and recovering affected systems. Containment strategies are predefined for common incident types. Recovery procedures include system restoration, data integrity verification, and return-to-normal-operations criteria.",Minimize the impact of security incidents and restore normal operations.,Operational,Per incident,CC7.4; CC7.5,A.5.26,16.1.5,,RS.MI-01; RS.MI-02; RC.RP-01,IR-4; IR-5,12.10.1,§164.308(a)(7)(i),Art. 33,
INC,Incident Management,CCF-INC-04,Incident Communication and Notification,"The organization maintains communication procedures for security incidents including internal escalation to leadership, notification to affected customers, and reporting to regulatory authorities as required. Communication templates and notification criteria are predefined. Breach notification complies with applicable legal timeframes (e.g., GDPR 72 hours).",Ensure timely and appropriate communication during security incidents.,Administrative,Per incident; annual template review,CC2.3; CC7.3; CC7.4,A.5.24; A.5.25,16.1.2,A.9.1,RS.CO-02; RS.CO-03,IR-6; IR-7,12.10.1,§164.308(a)(6)(ii); §164.404; §164.408,Art. 33; Art. 34,§1798.150(a)
INC,Incident Management,CCF-INC-05,Post-Incident Review and Lessons Learned,"The organization conducts post-incident reviews (blameless postmortems) for all significant security incidents. Reviews identify root causes, evaluate response effectiveness, document lessons learned, and generate action items for improvement. Findings are incorporated into the security program.",Continuously improve incident response capabilities and prevent recurrence.,Operational,After each significant incident; within 5 business days of resolution,CC4.2; CC7.5,A.5.27,16.1.6,,RS.IM-01; RS.IM-02,IR-4(4),12.10.2,§164.308(a)(6)(ii),,
BCP,Business Continuity and Disaster Recovery,CCF-BCP-01,Business Continuity Plan,"The organization maintains a business continuity plan (BCP) that identifies critical business functions, dependencies, and recovery priorities. The plan defines procedures for maintaining operations during disruptive events and is tested at least annually.",Ensure the organization can continue essential operations during disruptions.,Administrative,Annual review and testing; update upon significant change,A1.2; A1.3,A.5.29; A.5.30,,,RC.RP-01; RC.RP-02,CP-1; CP-2,,§164.308(a)(7)(i); §164.308(a)(7)(ii)(B),Art. 32(1)(c),
BCP,Business Continuity and Disaster Recovery,CCF-BCP-02,Disaster Recovery Plan,"The organization maintains a disaster recovery plan (DRP) that defines procedures for restoring IT systems, applications, and data following a disaster or major disruption. The plan specifies recovery time objectives (RTO) and recovery point objectives (RPO) for critical systems.",Enable timely recovery of technology systems and data after a disruptive event.,Administrative,Annual review; testing per CCF-BCP-03,A1.2; CC7.5,A.5.30; A.8.14,17.1.1,,RC.RP-01,CP-2; CP-10,,§164.308(a)(7)(ii)(B); §164.310(a)(2)(i),Art. 32(1)(c),
BCP,Business Continuity and Disaster Recovery,CCF-BCP-03,BCP/DR Testing and Exercising,"The organization tests business continuity and disaster recovery plans at least annually through tabletop exercises, functional tests, or full-scale simulations. Tests validate recovery procedures, RTO/RPO achievement, communication protocols, and personnel preparedness. Test results are documented and findings drive plan improvements.",Validate that BCP/DR plans are effective and personnel are prepared to execute them.,Operational,Annual (minimum); semi-annual for critical systems,A1.3,A.5.30,17.1.2,,RC.RP-03,CP-4,,§164.308(a)(7)(ii)(D),Art. 32(1)(d),
BCP,Business Continuity and Disaster Recovery,CCF-BCP-04,High Availability and Redundancy,"The organization designs critical systems with redundancy and high availability capabilities including multi-region/multi-AZ deployment, load balancing, automatic failover, and elimination of single points of failure. Availability architecture is documented and validated through testing.",Minimize service disruptions through resilient system architecture.,Technical,Continuous; annual architecture review; semi-annual failover testing,A1.1; A1.2,A.8.14,17.2.1,,PR.IR-04; RC.RP-01,CP-7; CP-8; SC-36,,§164.308(a)(7)(ii)(C),Art. 32(1)(b),
VND,Vendor and Third-Party Management,CCF-VND-01,Vendor Risk Assessment,"The organization conducts risk assessments of third-party vendors prior to engagement and periodically thereafter. Assessments evaluate the vendor's security posture, certifications, data handling practices, and business continuity capabilities. Assessment rigor is proportionate to the criticality and data access of the vendor relationship.",Evaluate and manage security risks introduced through third-party relationships.,Administrative,Pre-engagement; annual reassessment for critical vendors,CC9.2,A.5.19; A.5.20; A.5.21,CLD.6.3,A.15.1.1,GV.SC-03; GV.SC-06,SA-9; SR-2; SR-5; SR-6,12.8; 12.8.1; 12.8.2,§164.308(b)(1); §164.314(a)(1),Art. 28(1); Art. 28(2),§1798.140(w)
VND,Vendor and Third-Party Management,CCF-VND-02,Vendor Security Requirements and Contracts,"The organization includes security and privacy requirements in vendor contracts including data protection obligations, incident notification requirements, audit rights, data return/destruction provisions, and compliance with applicable regulations. Contracts are reviewed by legal and security prior to execution.",Establish binding security obligations for vendors handling organizational data.,Administrative,At contract execution; renewal; upon material scope change,CC9.2,A.5.19; A.5.20,CLD.6.3,A.15.1.2,GV.SC-05,SA-4; SA-9,12.8.2; 12.8.5,§164.308(b)(1); §164.314(a)(2),Art. 28(3); Art. 28(9),§1798.140(w)
VND,Vendor and Third-Party Management,CCF-VND-03,Vendor Monitoring and Oversight,"The organization monitors vendor compliance with security requirements on an ongoing basis. Monitoring includes review of vendor certifications and audit reports (e.g., SOC 2), tracking of vendor security incidents, and periodic reassessment of vendor risk ratings.",Ensure vendors maintain required security standards throughout the relationship.,Operational,Annual vendor review; continuous for critical incidents; quarterly for tier-1 vendors,CC9.2; CC4.1,A.5.22,15.2.1,,GV.SC-09; GV.SC-10,SA-9(2); CA-7,12.8.4,§164.308(b)(1),Art. 28(3)(h),
VND,Vendor and Third-Party Management,CCF-VND-04,Subprocessor Management,The organization maintains visibility into and control over vendor subprocessors (fourth parties) that may access organizational data. Vendors are required to notify the organization of new subprocessors and ensure subprocessors meet equivalent security standards. A current subprocessor list is maintained and accessible to customers.,Extend security and privacy oversight to downstream service providers.,Administrative,Continuous notification; annual subprocessor review,CC9.2,A.5.19; A.5.21,CLD.6.3,A.15.1.3,GV.SC-07,SA-9; SR-6,12.8.5,§164.314(a)(2)(i),Art. 28(2); Art. 28(4),§1798.140(w)
PRI,Privacy,CCF-PRI-01,Privacy Policy and Notice,"The organization maintains a public-facing privacy policy/notice that clearly communicates how personal data is collected, used, shared, and retained. The notice covers data categories, purposes of processing, third-party sharing, individual rights, and contact information. The notice is reviewed at least annually and updated to reflect changes in practices.",Provide transparent disclosure of personal data practices to data subjects.,Administrative,Annual review; update upon material practice change,P1.1; P1.2,,,A.2.1,GV.PO-01,PT-3; PT-5,,§164.520,Art. 12; Art. 13; Art. 14,§1798.100(a); §1798.110(a); §1798.130
PRI,Privacy,CCF-PRI-02,Data Processing Inventory (RoPA),"The organization maintains a record of processing activities (RoPA) that documents all personal data processing operations, including data categories, purposes, legal bases, recipients, transfer mechanisms, and retention periods. The inventory is maintained current and available for regulatory review.",Maintain a comprehensive and current inventory of personal data processing activities.,Administrative,Continuous maintenance; quarterly review; update upon new processing activities,P1.1,A.5.9,,A.2.5,ID.AM-05,PT-3; PM-25,,,Art. 30,§1798.100(a)
PRI,Privacy,CCF-PRI-03,Consent Management,"The organization obtains and manages consent for personal data processing where consent is the applicable legal basis. Consent is freely given, specific, informed, and unambiguous. Mechanisms are in place to record consent, honor withdrawal of consent, and adjust processing accordingly.",Ensure lawful consent-based processing and respect individual consent preferences.,Operational,Per data collection event; continuous consent record maintenance,P2.1,,,A.2.1,,PT-4,,§164.508,Art. 6(1)(a); Art. 7,§1798.120; §1798.135
PRI,Privacy,CCF-PRI-04,Data Subject Rights Management,"The organization implements processes and mechanisms to receive, verify, and respond to data subject rights requests including access, rectification, deletion, portability, restriction, and objection. Requests are fulfilled within legally required timeframes.",Enable individuals to exercise their privacy rights effectively and within legal timeframes.,Operational,Per request; fulfillment within 30 days (GDPR) or 45 days (CCPA),P4.1; P4.2; P4.3,,,A.1.1; A.2.2,,IP-1; IP-2; IP-3; IP-4,,§164.524; §164.526; §164.528,Art. 15; Art. 16; Art. 17; Art. 18; Art. 20; Art. 21,§1798.100; §1798.105; §1798.110; §1798.115
PRI,Privacy,CCF-PRI-05,Data Minimization and Purpose Limitation,"The organization limits the collection and processing of personal data to what is necessary and proportionate for the specified, legitimate purposes. Data is not repurposed beyond original collection purposes without additional legal basis or consent. Processing activities are regularly reviewed to identify and eliminate unnecessary data collection.",Reduce privacy risk by limiting data collection and use to what is necessary.,Administrative,At system design; annual review of data collection practices,P3.1; P3.2,,,A.2.1; A.2.5,,PT-2; PT-3,3.1,§164.502(b); §164.514,Art. 5(1)(b); Art. 5(1)(c),§1798.100(c)
PRI,Privacy,CCF-PRI-06,Data Retention and Disposal,"The organization defines and enforces data retention schedules that specify how long personal data and other sensitive data is retained and when it must be securely disposed. Retention periods are based on legal requirements, contractual obligations, and business necessity. Disposal is performed using methods appropriate to the data sensitivity.",Ensure personal data is not retained beyond its useful or legally required period.,Operational,Continuous enforcement; annual retention schedule review,P5.1; P5.2; C1.2,A.8.10,,A.9.4.2,,SI-12; MP-6,3.2.1; 9.4.5; 9.4.6,§164.530(j),Art. 5(1)(e); Art. 17,§1798.105
PRI,Privacy,CCF-PRI-07,Privacy Impact Assessments (DPIA),"The organization conducts data protection impact assessments (DPIAs) or privacy impact assessments (PIAs) for new or significantly changed processing activities that present high risk to individuals. Assessments evaluate necessity, proportionality, risks, and mitigating measures. Results inform processing decisions and are documented.",Identify and mitigate privacy risks before initiating high-risk data processing.,Administrative,Prior to new high-risk processing; upon significant change to existing processing,P1.1,,,A.11.3,GV.RM-01,PT-5; RA-8,,,Art. 35; Art. 36,§1798.185(a)(15)
PRI,Privacy,CCF-PRI-08,Cross-Border Data Transfers,"The organization implements appropriate safeguards for transfers of personal data to countries or jurisdictions that do not provide an adequate level of data protection. Transfer mechanisms include Standard Contractual Clauses (SCCs), Binding Corporate Rules (BCRs), or other approved mechanisms. Transfer impact assessments are performed as required.",Ensure lawful and secure transfer of personal data across jurisdictional boundaries.,Administrative,Per transfer mechanism; annual review of transfer safeguards,P6.1,,,A.11.1,,PT-6,,,Art. 44; Art. 45; Art. 46; Art. 49,
PRI,Privacy,CCF-PRI-09,Data Protection Officer / Privacy Function,"The organization designates a privacy function or Data Protection Officer (DPO) responsible for overseeing privacy compliance, advising on data protection matters, and serving as a point of contact for data subjects and regulatory authorities. The DPO/privacy function has appropriate authority, resources, and independence.",Ensure dedicated oversight and expertise for privacy compliance.,Administrative,Continuous; annual assessment of privacy function resources,P1.1,,,A.11.4,GV.RR-01,PM-18; PM-19,,§164.530(a)(1),Art. 37; Art. 38; Art. 39,
PRI,Privacy,CCF-PRI-10,Do Not Sell / Share Controls,The organization implements controls to honor 'do not sell or share my personal information' requests as required by applicable privacy regulations. Opt-out mechanisms are prominently displayed and technically enforced across all data processing systems and third-party integrations.,Ensure compliance with consumer opt-out rights regarding data sale and sharing.,Technical,Continuous enforcement; per opt-out request,P2.1,,,,,PT-4,,,Art. 21,§1798.120; §1798.135
DGV,Data Governance,CCF-DGV-01,Data Integrity Controls,"The organization implements controls to ensure the accuracy, completeness, and consistency of data during input, processing, and output. Data validation rules, checksums, and reconciliation processes are used to detect and prevent data corruption or unauthorized modification.",Ensure data remains accurate and unaltered throughout processing.,Technical,Continuous; per transaction/processing event,PI1.1; PI1.2; PI1.3,A.8.11,,,PR.DS-06,SI-7; SI-10,,§164.312(c)(1); §164.312(c)(2),Art. 5(1)(d),
DGV,Data Governance,CCF-DGV-02,Data Loss Prevention,"The organization implements data loss prevention (DLP) controls to detect and prevent unauthorized exfiltration of sensitive data. DLP controls cover email, web uploads, cloud storage, endpoint transfers, and API data flows. DLP policies are aligned with data classification levels.",Prevent unauthorized disclosure or exfiltration of sensitive data.,Technical,Continuous monitoring and enforcement,CC6.1; CC6.7; C1.1,A.8.10; A.8.11; A.8.12,,,PR.DS-01; PR.DS-02,SC-7; SI-4,,§164.312(e)(1),Art. 32(1),§1798.150(a)
DGV,Data Governance,CCF-DGV-03,Data Masking and Anonymization,"The organization implements data masking, anonymization, or pseudonymization techniques for sensitive data used in non-production environments, analytics, testing, and reporting. Techniques are validated to ensure data cannot be re-identified without additional information kept separately.",Reduce exposure of sensitive data in contexts where full data is not required.,Technical,Per data provisioning event; annual technique review,C1.1; CC6.1,A.8.11,,A.10.1,PR.DS-01,SI-19,3.4; 3.4.1,§164.514,Art. 25(1); Rec. 26,§1798.145(a)(5)
CMP,Compliance and Audit,CCF-CMP-01,Internal Audit Program,"The organization maintains an internal audit program that independently assesses the design and operating effectiveness of security controls. Internal audits are conducted on a risk-based schedule, cover key control areas, and result in findings and recommendations tracked to remediation.",Provide independent assurance of control effectiveness and identify improvement areas.,Administrative,Annual audit plan; audits per schedule; continuous monitoring where automated,CC4.1; CC4.2,A.5.35; A.5.36,,,GV.OV-02,CA-2; CA-7,12.4.2,§164.308(a)(8),Art. 5(2),
CMP,Compliance and Audit,CCF-CMP-02,External Audit and Certification Management,"The organization manages external audits and certifications (e.g., SOC 2, ISO 27001, PCI DSS) through structured audit preparation, evidence collection, auditor coordination, and findings remediation. Audit reports and certifications are maintained current and provided to customers and stakeholders as appropriate.",Obtain and maintain external assurance of the security program through independent audits.,Administrative,Annual (per certification cycle); continuous evidence readiness,CC4.1,A.5.35,,,GV.OV-02,CA-2; CA-6,12.4.1,§164.308(a)(8),Art. 42,
CMP,Compliance and Audit,CCF-CMP-03,Control Exception and Remediation Management,"The organization maintains a formal process for managing control exceptions, audit findings, and remediation activities. Exceptions require documented business justification, compensating controls, risk acceptance, and time-bound expiration. Remediation is tracked, assigned owners, and reported to leadership.","Ensure control gaps are formally managed, tracked, and resolved.",Administrative,Per occurrence; monthly remediation tracking; quarterly leadership reporting,CC4.2; CC5.3,A.5.35; A.5.36,,,GV.OV-03,CA-5; PM-4,12.4.2.1,§164.308(a)(1)(ii)(B),,
CMP,Compliance and Audit,CCF-CMP-04,Continuous Control Monitoring,"The organization implements automated monitoring to continuously assess control effectiveness, detect deviations, and generate evidence. Monitoring covers key technical controls such as access configurations, encryption status, logging coverage, and vulnerability management. Dashboard and metrics provide real-time visibility into compliance posture.",Move from point-in-time audit evidence to continuous assurance of control effectiveness.,Technical,Continuous; dashboard updated in real-time; monthly posture review,CC4.1; CC4.2,A.5.36,,,GV.OV-01; DE.CM-01,CA-7; PM-31,10.7; 12.4.2,§164.308(a)(8),Art. 32(1)(d),
EDP,Endpoint Security,CCF-EDP-01,Endpoint Protection and Management,"The organization deploys mobile device management (MDM) or unified endpoint management (UEM) on all corporate endpoints. Managed endpoints enforce security configurations including disk encryption, screen lock, OS auto-update, and firewall enablement. Unmanaged endpoints are restricted from accessing sensitive corporate resources.",Ensure all endpoints meet minimum security requirements before accessing corporate data.,Technical,Continuous enforcement; monthly compliance reporting,CC6.1; CC6.8,A.8.1,,,PR.IR-01,CM-6; SC-28,5.2; 9.5,§164.310(c); §164.312(a)(1),Art. 32(1),
EDP,Endpoint Security,CCF-EDP-02,Endpoint Data Encryption,All organizational endpoints enforce full-disk encryption using approved algorithms. Encryption keys are managed through the endpoint management platform. Encryption status is verified and non-compliant devices are flagged or blocked from corporate access.,Protect data on endpoint devices from unauthorized access in the event of loss or theft.,Technical,Continuous enforcement; automated compliance checking,CC6.1; CC6.7,A.8.24,,,PR.DS-01,SC-28,3.5.1,§164.312(a)(2)(iv),Art. 32(1)(a),
EDP,Endpoint Security,CCF-EDP-03,Mobile Device Security,"The organization implements security controls for mobile devices used to access corporate data including enrollment in MDM, enforcement of device passcode, remote wipe capability, and containerization of corporate data. BYOD policies are defined and enforced where applicable.",Secure mobile access to corporate data while supporting workforce flexibility.,Technical,Continuous; annual BYOD policy review,CC6.1,A.8.1,,,PR.AA-03,AC-19,,§164.310(c); §164.312(d),Art. 32(1),
