domain_id,domain_name,control_id,title,description,objective,control_type,frequency,fedramp_delta,mapping_soc2,mapping_iso27001,mapping_iso27017,mapping_iso27018,mapping_nist_csf,mapping_nist_800_53,mapping_fedramp,mapping_pci_dss,mapping_hipaa,mapping_gdpr,mapping_ccpa
GOV,Governance,CCF-GOV-01,Information Security Policy,"The organization establishes, approves, and communicates a formal information security policy that defines the organization's commitment to security, assigns accountability, and sets the strategic direction for the security program. The policy is reviewed at least annually and updated as needed. The policy addresses all NIST 800-53 control families and FedRAMP requirements.","Ensure a management-approved security policy exists, is communicated, and remains current.",Administrative,Annual review; update upon significant change,False,CC1.1; CC1.2,A.5.1,5.1.1,,GV.PO-01; GV.PO-02,PL-1; PM-1,PL-1,12.1; 12.1.1,§164.316(a),Art. 24; Art. 32,§1798.100(e)
GOV,Governance,CCF-GOV-02,Security Roles and Responsibilities,"The organization defines, documents, and communicates information security roles and responsibilities for all personnel, including executive leadership, security team, IT operations, engineering, and general workforce. Accountability for control ownership is clearly assigned.",Ensure clear ownership and accountability for security responsibilities across the organization.,Administrative,Annual review; update upon organizational change,False,CC1.2; CC1.3,A.5.2; A.5.4,6.1.1,,GV.RR-01; GV.RR-02,PL-1; PM-2; PM-13,PM-2; PM-13,12.1.2; 12.4,§164.308(a)(2),Art. 24; Art. 37,
GOV,Governance,CCF-GOV-03,Executive Oversight and Reporting,"Senior leadership and/or the board of directors provide oversight of the information security program through regular reporting on security posture, risk status, compliance status, and material security events. Security metrics are reported to leadership at least quarterly.",Ensure executive visibility into and accountability for the security program.,Administrative,Quarterly reporting; annual program review,False,CC1.2; CC4.1; CC4.2,A.5.1; A.5.4,,,GV.OV-01; GV.OV-02; GV.OV-03,PM-1; PM-6,PM-1; PM-6,12.4; 12.4.1,§164.308(a)(2),Art. 24,
GOV,Governance,CCF-GOV-04,Acceptable Use Policy,"The organization defines and communicates an acceptable use policy that governs the appropriate use of organizational assets, systems, and data. The policy covers personal use, prohibited activities, and consequences for violations.",Establish clear expectations for appropriate use of organizational resources.,Administrative,Annual review; acknowledgment at hire and annually,False,CC1.1; CC1.4,A.5.10,8.1.3,,GV.PO-01,PL-4,PL-4,12.3,§164.310(b); §164.312(a)(1),,
GOV,Governance,CCF-GOV-05,Code of Conduct and Ethics,The organization maintains a code of conduct that establishes ethical expectations and behavioral standards for all personnel. Adherence is required as a condition of employment/engagement.,Set ethical expectations and create accountability for organizational conduct.,Administrative,Annual acknowledgment; review upon significant change,False,CC1.1; CC1.4; CC1.5,A.5.4; A.6.2,,,GV.PO-01,PL-4; PS-8,PL-4; PS-8,12.6.3.2,§164.308(a)(1)(ii)(C),,
GOV,Governance,CCF-GOV-06,Regulatory and Contractual Compliance Management,"The organization identifies, tracks, and maintains compliance with applicable legal, regulatory, and contractual requirements including federal requirements. A compliance register is maintained and reviewed regularly.",Ensure the organization meets all applicable external obligations.,Administrative,Continuous; formal review quarterly,False,CC2.3; CC3.1,A.5.31; A.5.32; A.5.33; A.5.34,,A.18.1.4,GV.OC-02; GV.OC-03,CA-2; PM-10,CA-2; PM-10,12.1.1; 12.4.2,§164.316(b)(2)(iii),Art. 24; Art. 5(2),§1798.185
GOV,Governance,CCF-GOV-07,System Security Plan (SSP),"The organization develops and maintains a System Security Plan (SSP) that describes the system authorization boundary, system architecture and data flows, interconnections, security categorization, and the implementation status of each applicable security control. The SSP is reviewed and updated at least annually and whenever significant changes occur.",Provide a comprehensive security description of the system for authorizing officials and assessors.,Administrative,Annual review; update upon significant system changes,True,CC2.1,A.5.1,,,GV.PO-01,PL-2; PL-2(3),PL-2; FedRAMP SSP Template,,,,
GOV,Governance,CCF-GOV-08,System Use Notification (Login Banners),"The organization displays an approved system use notification message or banner before granting access to the system. The notification states that usage may be monitored, recorded, and subject to audit; that unauthorized use is prohibited and subject to criminal and civil penalties; and that use of the system indicates consent to monitoring.",Notify users of monitoring and establish legal basis for enforcement.,Technical,Continuous enforcement; annual banner text review,True,CC6.1,A.8.5,,,PR.AA-01,AC-8,AC-8,,,,
GOV,Governance,CCF-GOV-09,Security Planning and Rules of Behavior,"The organization establishes rules of behavior that describe expected behavior and responsibilities for information system usage. Users acknowledge rules of behavior before being granted access. Rules cover acceptable use, data handling, social media, mobile devices, and consequences for non-compliance.",Establish explicit user responsibilities as a condition of system access.,Administrative,At onboarding; annual re-acknowledgment,True,CC1.4,A.5.10,,,GV.PO-01,PL-4,PL-4; PL-4(1),12.3,,,
RSK,Risk Management,CCF-RSK-01,Risk Management Program,"The organization establishes and maintains a formal risk management program aligned with NIST SP 800-37 and NIST SP 800-39 that defines the methodology, scope, frequency, and criteria for information security risk assessments. The program is aligned with organizational objectives, risk appetite, and federal risk management requirements.",Provide a systematic approach to identifying and managing information security risks.,Administrative,Annual program review; continuous risk identification,False,CC3.1; CC3.2,A.5.8,,,GV.RM-01; GV.RM-02; ID.RA-01,RA-1; RA-2; PM-9; PM-28,RA-1; RA-2; PM-9; PM-28,12.3.1,§164.308(a)(1)(ii)(A),Art. 32(2); Art. 35,§1798.100(e)
RSK,Risk Management,CCF-RSK-02,Risk Assessment Execution,"The organization performs comprehensive risk assessments at least annually and upon significant changes. Assessments identify threats, vulnerabilities, likelihood, and impact. For FedRAMP, risk assessments follow NIST SP 800-30 methodology and include assessment of the full authorization boundary.",Identify and evaluate current security risks based on the threat environment.,Administrative,Annual; upon significant change; new projects/systems,False,CC3.2; CC3.3,A.5.8; A.8.8,,,ID.RA-01; ID.RA-02; ID.RA-03,RA-3; RA-3(1); RA-5,RA-3; RA-3(1),6.3.1; 12.3.1,§164.308(a)(1)(ii)(A),Art. 32(2); Art. 35(1),
RSK,Risk Management,CCF-RSK-03,Risk Treatment and Mitigation,"The organization defines and implements risk treatment plans for identified risks. Treatment options include mitigation, transfer, acceptance, and avoidance. Risk owners are assigned and accountable for implementation.",Ensure identified risks are addressed through appropriate treatment actions.,Administrative,Ongoing; reviewed quarterly,False,CC3.3; CC3.4; CC5.1,A.5.8,,,ID.RA-05; ID.RA-06,RA-7; PM-4,RA-7; PM-4,12.3.1,§164.308(a)(1)(ii)(B),Art. 32(1),
RSK,Risk Management,CCF-RSK-04,Risk Register Maintenance,"The organization maintains a risk register documenting identified risks, risk ratings, risk owners, treatment decisions, and residual risk. The register is reviewed quarterly and upon identification of new material risks.","Maintain a centralized, current view of the organization's risk posture.",Administrative,Quarterly update; continuous intake,False,CC3.2; CC3.4; CC4.1,A.5.8,,,ID.RA-04; GV.RM-05,PM-4; RA-3,PM-4,12.3.1,§164.308(a)(1)(ii)(A),Art. 32(2),
RSK,Risk Management,CCF-RSK-05,Risk Acceptance,The organization maintains a formal risk acceptance process requiring documented approval from the authorizing official (AO) or designated representative for risks that exceed tolerance levels. Accepted risks are tracked in the POA&M and periodically re-evaluated.,Ensure residual risks are consciously accepted by accountable individuals.,Administrative,Per occurrence; annual re-evaluation,False,CC3.4; CC5.3,A.5.8,,,GV.RM-06; GV.RM-07,PM-9; CA-5; CA-6,CA-5; CA-6,12.3.1,§164.308(a)(1)(ii)(B),Art. 32,
RSK,Risk Management,CCF-RSK-06,Threat Intelligence,"The organization collects, analyzes, and acts upon threat intelligence relevant to its industry, technology stack, and threat profile. Threat intelligence feeds include government sources (CISA, US-CERT) and are used to inform risk assessments and security monitoring.",Maintain awareness of the current threat landscape to proactively manage risk.,Operational,Continuous,False,CC3.1; CC7.2,A.5.7,,,ID.RA-02,PM-16; RA-3; SI-5; RA-10,PM-16; SI-5; RA-10,6.3.1,,,
RSK,Risk Management,CCF-RSK-07,Security Categorization (FIPS 199),"The organization categorizes the information system and the information processed, stored, and transmitted by the system in accordance with FIPS 199. The security categorization considers the potential impact on organizational operations, organizational assets, individuals, other organizations, and the Nation. Categorization is documented in the SSP and validated by the AO.",Establish the security impact level that drives control selection and implementation rigor.,Administrative,At system inception; reviewed annually; updated upon significant change,True,,A.5.12,,,ID.AM-05,RA-2,RA-2; FIPS 199; FIPS 200,,,,
RSK,Risk Management,CCF-RSK-08,Authorization to Operate (ATO),The organization obtains and maintains an authorization to operate (ATO) from the designated authorizing official (AO) prior to placing the system into operation. The authorization is based on a comprehensive security assessment and acceptance of residual risk. The ATO is reauthorized per FedRAMP continuous monitoring requirements.,Obtain formal risk acceptance and operational authorization from the responsible authority.,Administrative,Initial authorization; continuous monitoring; annual ATO review,True,,,,,GV.OV-01,CA-6; CA-6(1),CA-6; FedRAMP Authorization Process,,,,
HRS,Human Resources Security,CCF-HRS-01,Personnel Screening,"The organization screens individuals prior to authorizing access to the information system. Screening is commensurate with the position risk designation and includes, at minimum, national agency checks. For FedRAMP High, personnel with access to federal data must undergo background investigation consistent with the position sensitivity level per OPM guidance.",Verify the trustworthiness of personnel commensurate with their access level and position risk.,Administrative,Prior to access; rescreening per position sensitivity (minimum every 5 years),True,CC1.4,A.6.1,,A.11.4,PR.IP-11,PS-3; PS-3(3),PS-3; PS-3(3); FedRAMP High: Position Sensitivity,12.7; 12.7.1,§164.308(a)(3)(ii)(B),,
HRS,Human Resources Security,CCF-HRS-02,Confidentiality and Security Agreements,"Personnel and relevant third parties sign confidentiality (NDA) and security obligation agreements as a condition of access. Agreements cover data handling, acceptable use, and post-employment obligations.",Establish binding security and confidentiality obligations for all personnel.,Administrative,At hire/engagement; upon material policy change,False,CC1.4; CC1.5,A.6.2; A.5.14,6.1.2,A.6.1.2,PR.IP-11,PS-6; PL-4,PS-6; PL-4,12.8.2,§164.308(a)(4)(ii)(B); §164.314(a)(2),Art. 28(3); Art. 38(5),§1798.140(w)
HRS,Human Resources Security,CCF-HRS-03,Security Awareness Training,"The organization provides role-based security awareness training to all personnel upon hire and at least annually. Training covers security policies, phishing, social engineering, data handling, and incident reporting. Specialized training is provided for personnel with significant security responsibilities. Training content is updated to reflect current threats.",Ensure all personnel understand their security responsibilities.,Administrative,At onboarding; annual refresher; role-based as needed,False,CC1.4; CC2.2,A.6.3,7.2.2,A.7.2.2,PR.AT-01; PR.AT-02,AT-1; AT-2; AT-2(2); AT-3; AT-4,AT-1; AT-2; AT-2(2); AT-3; AT-4,12.6; 12.6.1; 12.6.2,§164.308(a)(5)(i); §164.308(a)(5)(ii)(A),Art. 39(1)(b),
HRS,Human Resources Security,CCF-HRS-04,Disciplinary Process,"The organization maintains a formal disciplinary process for personnel who violate security policies, including escalation and consequences proportionate to the violation.",Deter security policy violations and ensure consistent enforcement.,Administrative,Per occurrence; annual policy review,False,CC1.5,A.6.4,,,,PS-8,PS-8,12.6.3.2,§164.308(a)(1)(ii)(C),,
HRS,Human Resources Security,CCF-HRS-05,Personnel Offboarding and Termination,"The organization implements a formal offboarding process ensuring timely revocation of access upon termination, resignation, or role change. Access is revoked same-day for involuntary termination. The process includes return of assets, revocation of all logical and physical access, and retrieval of authenticators.",Prevent unauthorized access by former or transitioning personnel.,Administrative,Per occurrence; same-day for involuntary; within 24 hours for voluntary,False,CC6.2; CC6.5,A.6.5,,,PR.AA-05,PS-4; PS-4(2); PS-5,PS-4; PS-4(2); PS-5,8.2.6; 12.7,§164.308(a)(3)(ii)(C),,
HRS,Human Resources Security,CCF-HRS-06,Personnel Transfer,The organization reviews and modifies logical and physical access authorizations when personnel are reassigned or transferred to new positions. Access rights are adjusted within 24 hours to reflect new role requirements and remove access no longer needed.,Ensure access remains appropriate when personnel change roles within the organization.,Administrative,Per transfer event; within 24 hours,True,CC6.2,A.5.18,,,PR.AA-05,PS-5,PS-5,7.2.4,§164.308(a)(3)(ii)(B),,
HRS,Human Resources Security,CCF-HRS-07,Third-Party Personnel Security,"The organization ensures third-party providers (contractors, MSPs, subprocessors) comply with personnel security requirements including screening, training, and access termination equivalent to those applied to organizational employees, commensurate with access level.",Extend personnel security controls to non-employee personnel with system access.,Administrative,At engagement; annual verification; upon contract change,True,CC9.2,A.5.19; A.5.20,,,GV.SC-05,PS-7,PS-7,12.8,§164.308(b)(1),Art. 28(3),
AAM,Asset Management,CCF-AAM-01,Asset Inventory,"The organization maintains a complete and accurate inventory of information assets including hardware, software, cloud resources, and data stores. Asset ownership is assigned and the inventory is updated continuously or quarterly.",Maintain visibility into all organizational assets.,Operational,Continuous (automated); quarterly manual review,False,CC6.1,A.5.9; A.5.10; A.5.11,8.1.1,,ID.AM-01; ID.AM-02,CM-8; CM-8(1); CM-8(2); CM-8(3); PM-5,CM-8; CM-8(1); CM-8(2); CM-8(3),9.5.1; 12.5.1,§164.310(d)(1),Art. 30,§1798.100(a)
AAM,Asset Management,CCF-AAM-02,Data Classification,"The organization implements a data classification scheme that categorizes data based on sensitivity, regulatory requirements, and business value. Classification levels drive handling, storage, and transmission requirements.",Enable appropriate protection of data based on its sensitivity.,Administrative,At data creation; reviewed annually,False,CC6.1; C1.1,A.5.12; A.5.13,8.2.2,A.10.1,ID.AM-05,RA-2; SC-16,RA-2,9.4.1,§164.312(a)(1),Art. 9; Art. 10,§1798.140(v)
AAM,Asset Management,CCF-AAM-03,Media and Asset Disposal,The organization implements procedures for secure disposal and destruction of media and assets containing sensitive data. Methods are commensurate with data classification and NIST SP 800-88 guidelines. Disposal includes verification of destruction.,Prevent unauthorized disclosure through improper asset disposal.,Operational,Per occurrence; annual process review,False,CC6.5,A.7.10; A.7.14; A.8.10,,A.9.4.2,PR.DS-03,MP-6; MP-6(1); MP-6(2); PE-16,MP-6; MP-6(1); MP-6(2); NIST SP 800-88,9.4.5; 9.4.6; 9.4.7,§164.310(d)(2)(i); §164.310(d)(2)(ii),Art. 17,§1798.105
AAM,Asset Management,CCF-AAM-04,Cloud Resource Management,"The organization maintains an inventory and governance process for cloud resources including IaaS, PaaS, and SaaS. Cloud resource provisioning follows approved architecture patterns and is subject to configuration management and tagging standards.","Ensure cloud resources are inventoried, governed, and secured.",Operational,Continuous (automated); monthly review,False,CC6.1; CC7.1,A.5.23,CLD.6.3; CLD.8.1,,ID.AM-02,CM-8; SA-9,CM-8; SA-9,2.1.1,§164.308(a)(1)(ii)(A),Art. 28,
AAM,Asset Management,CCF-AAM-05,Media Transport and Storage Protection,"The organization protects and controls digital and non-digital media during transport outside of controlled areas. Controls include encryption of digital media, use of tamper-evident packaging for physical media, and use of authorized couriers. Media transport is logged and tracked.","Prevent unauthorized access, modification, or loss of data during media transport.",Operational,Per transport event; annual process review,True,CC6.7,A.7.10,,,PR.DS-02,MP-5; MP-5(4),MP-5; MP-5(4),9.4,§164.310(d)(1),,
AAM,Asset Management,CCF-AAM-06,Media Access Restrictions,The organization restricts access to digital and non-digital media containing sensitive information to authorized individuals. Media access controls are commensurate with the sensitivity of the information and include physical and logical restrictions.,Prevent unauthorized access to information on removable and portable media.,Operational,Continuous enforcement; quarterly review,True,CC6.1,A.7.10,,,PR.DS-01,MP-2; MP-4; MP-7,MP-2; MP-4; MP-7,9.4.1,§164.310(d)(1),,
IAM,Identity and Access Management,CCF-IAM-01,Access Control Policy,"The organization establishes an access control policy based on least privilege and need-to-know principles. The policy defines access authorization requirements, RBAC standards, and procedures for granting, modifying, and revoking access.",Establish the foundational policy for controlling access to organizational resources.,Administrative,Annual review; update upon significant change,False,CC6.1; CC6.3,A.5.15; A.8.3,9.1.1,,PR.AA-01,AC-1; AC-2; AC-3,AC-1; AC-2; AC-3,7.1; 7.2,§164.312(a)(1); §164.308(a)(4)(i),Art. 25; Art. 32(1)(b),
IAM,Identity and Access Management,CCF-IAM-02,User Provisioning and Deprovisioning,"The organization implements formal processes for provisioning and deprovisioning user accounts. Provisioning requires documented authorization. Deprovisioning occurs promptly upon role change, transfer, or termination.",Ensure access is granted only when authorized and removed when no longer needed.,Operational,Per occurrence; automated where possible,False,CC6.1; CC6.2,A.5.16; A.5.18,9.2.1,,PR.AA-01; PR.AA-05,AC-2; AC-2(1); AC-2(2); AC-2(3); AC-2(4),AC-2; AC-2(1); AC-2(2); AC-2(3); AC-2(4),7.1; 8.2.4; 8.2.5; 8.2.6,§164.308(a)(3)(ii)(A); §164.308(a)(3)(ii)(C),,
IAM,Identity and Access Management,CCF-IAM-03,Multi-Factor Authentication,"The organization requires multi-factor authentication (MFA) for all access to production systems, remote access, administrative interfaces, and cloud consoles. For FedRAMP High, MFA must be phishing-resistant (e.g., PIV, FIDO2) for privileged access and conform to NIST SP 800-63B AAL2 or higher.",Reduce unauthorized access risk from credential compromise.,Technical,Continuous enforcement; annual MFA coverage review,True,CC6.1; CC6.6,A.8.5,9.4.2,,PR.AA-03,IA-2(1); IA-2(2); IA-2(6); IA-2(8); IA-2(12),IA-2(1); IA-2(2); IA-2(6); IA-2(8); IA-2(12); NIST SP 800-63B,8.4.1; 8.4.2; 8.4.3,§164.312(d),Art. 32(1)(b),
IAM,Identity and Access Management,CCF-IAM-04,Privileged Access Management,"The organization restricts and monitors privileged (administrative) access. Privileged access uses separate accounts, is subject to enhanced logging, and is reviewed quarterly. Just-in-time (JIT) privileged access is implemented where technically feasible.",Minimize attack surface from administrative access.,Technical,Continuous enforcement; quarterly privileged account review,False,CC6.1; CC6.3,A.8.2; A.8.18,9.2.3,,PR.AA-05,AC-6(1); AC-6(2); AC-6(5); AC-6(7); AC-6(9); AC-6(10),AC-6(1); AC-6(2); AC-6(5); AC-6(7); AC-6(9); AC-6(10),7.2.1; 8.6.1,§164.312(a)(1),Art. 32(1)(b),
IAM,Identity and Access Management,CCF-IAM-05,Access Reviews,"The organization conducts periodic access reviews to validate access rights remain appropriate. Reviews cover standard, privileged, and third-party accounts. Inappropriate access is remediated promptly.",Detect and remediate access drift and excessive permissions.,Operational,Quarterly for privileged; semi-annually for standard,False,CC6.1; CC6.2; CC6.3,A.5.18; A.8.2,9.2.5,,PR.AA-05,AC-2(3); AC-6(7),AC-2(3); AC-6(7),7.2.4; 7.2.5,§164.308(a)(4)(ii)(C),,
IAM,Identity and Access Management,CCF-IAM-06,Password and Credential Management,"The organization enforces password and credential management standards including minimum complexity, prohibition of credential sharing, and secure storage using approved hashing algorithms. For FedRAMP, password policies conform to NIST SP 800-63B memorized secret guidelines.","Ensure credentials are strong, unique, and securely managed.",Technical,Continuous enforcement,False,CC6.1,A.5.17; A.8.5,9.4.3,,PR.AA-03,IA-5; IA-5(1); IA-5(2); IA-5(6),IA-5; IA-5(1); IA-5(2); IA-5(6); NIST SP 800-63B,8.3.1; 8.3.4; 8.3.6; 8.3.7,§164.312(d),Art. 32(1),
IAM,Identity and Access Management,CCF-IAM-07,Service Account and API Key Management,"The organization manages service accounts, API keys, and machine credentials through formal lifecycle processes. Service accounts are inventoried, assigned owners, granted minimum permissions, and subject to credential rotation.",Prevent unauthorized access through unmanaged non-human identities.,Technical,Continuous; quarterly inventory review; rotation per policy,False,CC6.1; CC6.3,A.5.16; A.5.18; A.8.5,9.2.1,,PR.AA-01; PR.AA-03,AC-2; IA-4; IA-5,AC-2; IA-4; IA-5,8.6.1; 8.6.2; 8.6.3,§164.312(d),,
IAM,Identity and Access Management,CCF-IAM-08,Single Sign-On and Centralized Authentication,The organization implements centralized authentication through SSO integrated with a corporate identity provider. Application access is federated through the IdP.,Centralize authentication for consistent policy enforcement.,Technical,Continuous; annual SSO coverage review,False,CC6.1,A.8.5,9.4.2,,PR.AA-03,IA-2; IA-8,IA-2; IA-8; IA-8(1); IA-8(2); IA-8(4),7.2; 8.4,§164.312(d),,
IAM,Identity and Access Management,CCF-IAM-09,Remote Access Security,"The organization controls remote access through authorized, encrypted channels. Remote access requires MFA and is logged.",Secure remote connectivity while maintaining visibility.,Technical,Continuous enforcement,False,CC6.1; CC6.6,A.8.1; A.6.7,,,PR.AA-03,AC-17; AC-17(1); AC-17(2); AC-17(3); AC-17(4),AC-17; AC-17(1); AC-17(2); AC-17(3); AC-17(4),8.4.3,§164.312(a)(1); §164.312(e)(1),Art. 32(1),
IAM,Identity and Access Management,CCF-IAM-10,Separation of Duties,"The organization defines and enforces separation of duties for critical functions to prevent any single individual from controlling all aspects of a critical process. Duties are divided such that no one person can authorize, execute, and review a sensitive action. Separation is enforced through technical controls (RBAC, workflow approvals) and documented in the SSP.","Prevent fraud, error, and abuse through mandatory division of critical functions.",Administrative,Continuous enforcement; annual role/duty matrix review,True,CC5.1; CC6.1,A.5.3,6.1.2,,PR.AA-05,AC-5,AC-5,6.5.2,,,
IAM,Identity and Access Management,CCF-IAM-11,Session Management,"The organization manages user sessions including: (a) limiting concurrent sessions per user per FedRAMP parameter values; (b) enforcing session lock after 15 minutes of inactivity; (c) terminating sessions after conditions are met (e.g., inactivity timeout, session maximum); (d) displaying session lock with pattern-hiding display.",Prevent unauthorized access through unattended or excessive sessions.,Technical,Continuous enforcement; annual parameter review,True,CC6.1,A.8.1,11.2.8,,PR.AA-03,AC-10; AC-11; AC-11(1); AC-12,AC-10; AC-11; AC-11(1); AC-12,8.2.8,§164.312(a)(2)(iii),,
IAM,Identity and Access Management,CCF-IAM-12,Information Flow Enforcement,"The organization enforces approved authorizations for controlling the flow of information within the system and between connected systems based on security policy. Information flow controls include boundary protections, data guards, and cross-domain solutions where applicable.",Ensure information flows only through authorized paths and between authorized entities.,Technical,Continuous enforcement; annual flow rule review,True,CC6.1; CC6.6,A.8.22,,,PR.DS-02,AC-4; AC-4(4),AC-4; AC-4(4),1.3.1,§164.312(e)(1),,
IAM,Identity and Access Management,CCF-IAM-13,Wireless Access Restrictions,"The organization restricts and monitors wireless access to the information system. Wireless access points are authorized, documented, and configured with encryption (WPA3 or WPA2-Enterprise minimum). Rogue wireless access point detection is implemented. Guest wireless is segmented from production networks.",Prevent unauthorized network access through wireless attack vectors.,Technical,Continuous; quarterly wireless scan; annual policy review,True,CC6.6,A.8.20,,,PR.AA-03,AC-18; AC-18(1); AC-18(4); AC-18(5),AC-18; AC-18(1); AC-18(4); AC-18(5),11.2.1,,,
CRY,Cryptography,CCF-CRY-01,Cryptographic Policy and FIPS Validation,"The organization establishes a cryptographic policy requiring the use of FIPS 140-2 (or FIPS 140-3) validated cryptographic modules for all encryption operations protecting federal data. The policy defines approved algorithms, key lengths, and use cases. Non-validated modules are prohibited for federal workloads.",Ensure all cryptographic protections meet federal validation requirements.,Administrative,Annual review; update upon cryptographic vulnerability disclosure,True,CC6.1; CC6.7,A.8.24,10.1.1,A.10.1.2,PR.DS-01; PR.DS-02,SC-13,SC-13; FIPS 140-2; FIPS 140-3,3.6.1; 4.2.1,§164.312(a)(2)(iv); §164.312(e)(2)(ii),Art. 32(1)(a),§1798.150(a)
CRY,Cryptography,CCF-CRY-02,Encryption at Rest,"The organization encrypts sensitive data at rest using FIPS-validated modules and approved algorithms (e.g., AES-256) across all storage systems. Encryption is enforced by default for all environments containing production or federal data.",Protect stored data from unauthorized disclosure.,Technical,Continuous enforcement; annual configuration review,False,CC6.1; CC6.7; C1.1,A.8.24,10.1.1,A.11.6,PR.DS-01,SC-28; SC-28(1),SC-28; SC-28(1),3.5.1; 3.5.1.1,§164.312(a)(2)(iv),Art. 32(1)(a),§1798.150(a)
CRY,Cryptography,CCF-CRY-03,Encryption in Transit,The organization encrypts data in transit using FIPS-validated modules and approved protocols (TLS 1.2+ with FIPS-approved cipher suites). Unencrypted transmission of sensitive data is prohibited. Certificate validation is enforced.,Protect data from interception or tampering during transmission.,Technical,Continuous enforcement; annual protocol review,False,CC6.1; CC6.7; C1.1,A.8.24,10.1.1; 13.1.1,A.13.1.1,PR.DS-02,SC-8; SC-8(1); SC-23,SC-8; SC-8(1); SC-23,4.2.1; 4.2.1.1,§164.312(e)(1); §164.312(e)(2)(ii),Art. 32(1)(a),
CRY,Cryptography,CCF-CRY-04,Cryptographic Key Management,"The organization implements key management covering generation, distribution, storage, rotation, revocation, and destruction. Keys are generated using FIPS-approved random number generators, stored in FIPS-validated KMS/HSM, and rotated per defined schedules.",Ensure cryptographic keys are securely managed throughout their lifecycle.,Technical,Continuous; rotation per policy; annual review,False,CC6.1; CC6.7,A.8.24,10.1.2,A.10.1.2,PR.DS-01,SC-12; SC-12(1),SC-12; SC-12(1),3.6.1; 3.7.1; 3.7.2; 3.7.3; 3.7.4,§164.312(a)(2)(iv),Art. 32(1)(a),
CRY,Cryptography,CCF-CRY-05,Certificate Management,"The organization maintains an inventory of TLS/SSL and digital certificates, monitors expiration, and ensures timely renewal. Certificates use approved key lengths and algorithms.",Prevent service disruptions from expired or misconfigured certificates.,Operational,Continuous monitoring; automated renewal where possible,False,CC6.7,A.8.24,10.1.1,,PR.DS-02,SC-17,SC-17,4.2.1,,,
PHY,Physical Security,CCF-PHY-01,Physical Access Controls,"The organization restricts physical access to facilities, data centers, and sensitive areas to authorized personnel. Access control mechanisms include badge systems, biometric readers, and key management.",Prevent unauthorized physical access.,Physical,Continuous enforcement; quarterly access list review,False,CC6.4,A.7.1; A.7.2; A.7.3,11.1.1,,PR.AA-02,PE-2; PE-3; PE-3(1); PE-6; PE-6(1),PE-2; PE-3; PE-3(1); PE-6; PE-6(1),9.2; 9.3,§164.310(a)(1); §164.310(a)(2)(ii),Art. 32(1)(b),
PHY,Physical Security,CCF-PHY-02,Visitor Management,"The organization maintains visitor management including registration, identification, escort requirements, and log maintenance.",Control and document visitor access.,Physical,Per occurrence; monthly log review,False,CC6.4,A.7.2,,,PR.AA-02,PE-8; PE-8(1),PE-8; PE-8(1),9.3.1; 9.3.2,§164.310(a)(2)(iii),,
PHY,Physical Security,CCF-PHY-03,Environmental Controls,"The organization implements environmental protections including fire detection/suppression, HVAC, water detection, and UPS. Systems are monitored and tested.",Protect systems from environmental threats.,Physical,Continuous monitoring; semi-annual testing,False,A1.2,A.7.5; A.7.8; A.7.11; A.7.12,,,PR.IR-03,PE-10; PE-11; PE-11(1); PE-12; PE-13; PE-13(1); PE-13(2); PE-14; PE-15,PE-10; PE-11; PE-11(1); PE-12; PE-13; PE-13(1); PE-13(2); PE-14; PE-15,9.1.1,§164.310(a)(2)(ii),,
PHY,Physical Security,CCF-PHY-04,Equipment Security and Maintenance,"The organization protects equipment from theft, loss, and unauthorized access. Equipment is maintained per manufacturer specifications.",Ensure equipment remains secure and operational.,Physical,Continuous; scheduled maintenance,False,CC6.4; CC6.5,A.7.8; A.7.9; A.7.10; A.7.13,,,PR.IR-01,MA-2; MA-2(2); MA-3; MA-3(1); MA-3(2); MA-4; MA-4(3); MA-5; MA-6; PE-16,MA-2; MA-2(2); MA-3; MA-3(1); MA-3(2); MA-4; MA-4(3); MA-5; MA-6,9.4.3,§164.310(c),,
OPS,Operations Security,CCF-OPS-01,System Hardening,"The organization establishes system hardening standards for all OS, databases, containers, and network devices. Systems are hardened prior to deployment and compliance is continuously monitored against approved baselines (e.g., CIS Benchmarks, STIGs).",Reduce attack surface.,Technical,At provisioning; continuous drift detection,False,CC6.1; CC6.8; CC7.1,A.8.9,12.1.1,,PR.IR-01,CM-6; CM-6(1); CM-7; CM-7(1); CM-7(2); SC-2,CM-6; CM-6(1); CM-7; CM-7(1); CM-7(2),2.2; 2.2.1; 2.2.4,§164.312(a)(1),Art. 32(1),
OPS,Operations Security,CCF-OPS-02,Vulnerability Management,"The organization maintains a vulnerability management program including regular scanning (infrastructure, application, container), prioritization, and remediation within defined SLAs. For FedRAMP: monthly authenticated OS/infrastructure scanning, monthly web application scanning, annual penetration testing.",Identify and remediate vulnerabilities before exploitation.,Operational,Monthly scanning (FedRAMP); remediation per SLA,True,CC7.1; CC3.2,A.8.8,12.6.1,,ID.RA-01; PR.IR-01,RA-5; RA-5(2); RA-5(5); SI-2; SI-2(2),RA-5; RA-5(2); RA-5(5); SI-2; SI-2(2); FedRAMP Vuln Scan Requirements,6.3.1; 11.3.1; 11.3.2,§164.308(a)(1)(ii)(A),Art. 32(1),
OPS,Operations Security,CCF-OPS-03,Patch Management,"The organization implements patch management ensuring timely application of security patches. For FedRAMP High: critical patches within 30 days, high within 60 days, moderate within 90 days. Emergency patches follow expedited procedures.",Remediate known vulnerabilities through timely patching.,Operational,Continuous; patching per SLA,True,CC7.1,A.8.8; A.8.19,12.6.1,,PR.IR-01,SI-2; SI-2(2); SI-2(3),SI-2; SI-2(2); SI-2(3); FedRAMP Patch Timelines,6.3.3,§164.308(a)(1)(ii)(A),Art. 32(1),
OPS,Operations Security,CCF-OPS-04,Malware Protection,"The organization deploys endpoint protection (EPP/EDR) across all endpoints and servers with automatic updates, real-time monitoring, and centralized management.",Detect and prevent malware infections.,Technical,Continuous; real-time,False,CC6.8; CC7.1,A.8.7,12.2.1,,DE.CM-01,SI-3; SI-3(1); SI-3(2),SI-3; SI-3(1); SI-3(2),5.2; 5.3,§164.308(a)(5)(ii)(B),Art. 32(1),
OPS,Operations Security,CCF-OPS-05,Backup Management,"The organization performs regular backups of critical data and configurations. Backups are encrypted, tested for recoverability, and stored in geographically separated locations.",Ensure data and system recoverability.,Operational,Daily backups (or per RPO); quarterly restore testing,False,A1.2; CC7.5,A.8.13,12.3.1,A.9.4.2,PR.DS-04,CP-9; CP-9(1); CP-9(3); CP-10,CP-9; CP-9(1); CP-9(3); CP-10,9.4.1.1,§164.308(a)(7)(ii)(A),Art. 32(1)(c),
OPS,Operations Security,CCF-OPS-06,Capacity and Performance Management,The organization monitors system capacity and performance to ensure adequate resources. Capacity thresholds trigger automated scaling or alerting.,Ensure availability through proactive capacity management.,Operational,Continuous monitoring; quarterly capacity planning,False,A1.1; A1.2,A.8.6,12.1.3,,PR.IR-04,CP-2; SC-5,CP-2; SC-5,,§164.308(a)(7)(ii)(B),Art. 32(1)(b),
OPS,Operations Security,CCF-OPS-07,Clock Synchronization,"The organization synchronizes system clocks to authoritative time sources (e.g., NTP from NIST or USNO). Time synchronization accuracy supports audit log correlation and forensic investigation.",Ensure accurate timestamps across all systems.,Technical,Continuous; quarterly verification,False,CC7.2,A.8.17,,,DE.AE-05,AU-8; AU-8(1),AU-8; AU-8(1),10.6,§164.312(b),,
OPS,Operations Security,CCF-OPS-08,Software Installation Restrictions,The organization enforces restrictions on software installation. Only authorized software may be installed on organizational systems. Unauthorized software is detected and removed. Application whitelisting is implemented on high-security systems.,Prevent execution of unauthorized or malicious software.,Technical,Continuous enforcement; monthly software inventory review,True,CC6.8,A.8.19,,,PR.IR-01,CM-11; CM-7(4); CM-7(5),CM-11; CM-7(4); CM-7(5),,,,
NET,Network Security,CCF-NET-01,Network Architecture and Segmentation,"The organization designs and maintains network architecture segmenting systems by trust level, data sensitivity, and function. Production, staging, development, and corporate environments are segmented.",Limit blast radius and enforce data isolation.,Technical,Continuous; annual architecture review,False,CC6.1; CC6.6,A.8.22,13.1.3,,PR.IR-01,SC-7; SC-7(5); SC-7(18); AC-4,SC-7; SC-7(5); SC-7(18); AC-4,1.2.1; 1.3.1; 1.3.2,§164.312(e)(1),Art. 32(1),
NET,Network Security,CCF-NET-02,Firewall and Security Group Management,"The organization implements firewalls, security groups, and network ACLs with deny-by-default rules. Rules are documented with business justification and reviewed semi-annually.",Control network traffic flow.,Technical,Continuous; semi-annual rule review,False,CC6.1; CC6.6,A.8.20; A.8.21,13.1.1,,PR.IR-01,SC-7(5); SC-7(8),SC-7(5); SC-7(8),1.2.1; 1.2.5; 1.2.6,§164.312(e)(1),Art. 32(1),
NET,Network Security,CCF-NET-03,Intrusion Detection and Prevention,"The organization deploys IDS/IPS at critical boundaries. Detection signatures are updated regularly. Alerts are monitored, triaged, and investigated.",Detect and block malicious network activity.,Technical,Continuous; daily signature updates,False,CC7.2; CC7.3,A.8.16,,,DE.CM-01,SI-4; SI-4(2); SI-4(4); SI-4(5),SI-4; SI-4(2); SI-4(4); SI-4(5),11.5; 11.5.1,§164.312(b),Art. 32(1),
NET,Network Security,CCF-NET-04,Web Application Firewall,The organization deploys WAF in front of all public-facing web applications. WAF is tuned for OWASP Top 10 protection.,Protect web applications from common attacks.,Technical,Continuous; quarterly rule review,False,CC6.6,A.8.20,,,PR.IR-01; DE.CM-06,SC-7; SI-4,SC-7; SI-4,6.4.1; 6.4.2,,Art. 32(1),
NET,Network Security,CCF-NET-05,DDoS Protection,"The organization implements DDoS protection for public-facing services including volumetric, protocol, and application-layer mitigation.",Maintain availability against DoS attacks.,Technical,Continuous; annual DDoS simulation,False,A1.2; CC6.6,A.8.20,13.1.3,,PR.IR-04,SC-5; SC-5(2),SC-5; SC-5(2),11.5,§164.308(a)(7)(i),Art. 32(1)(b),
NET,Network Security,CCF-NET-06,DNS Security,"The organization implements DNS security including DNSSEC, DNS filtering, and monitoring for DNS-based attacks.",Protect DNS infrastructure.,Technical,Continuous; annual review,False,CC6.6,A.8.20,,,PR.IR-01,SC-20; SC-21; SC-22,SC-20; SC-21; SC-22,,,,
NET,Network Security,CCF-NET-07,Boundary Protection and Authorization Boundary,"The organization defines and documents the authorization boundary of the information system. Boundary protections monitor and control communications at managed interfaces, particularly at external boundaries and key internal boundaries. Connections to external systems require explicit authorization and documentation of security requirements.","Define, protect, and monitor the system boundary to prevent unauthorized data flows.",Technical,Continuous enforcement; annual boundary review; documented in SSP,True,CC6.6,A.8.20; A.8.22,,,PR.IR-01,SC-7; SC-7(3); SC-7(4); SC-7(7); SC-7(8); CA-3; CA-3(6),SC-7; SC-7(3); SC-7(4); SC-7(7); SC-7(8); CA-3; CA-3(6); FedRAMP Auth Boundary,1.2.1,§164.312(e)(1),,
SDL,Secure Development Lifecycle,CCF-SDL-01,Secure Development Policy,The organization establishes a secure development policy mandating security activities throughout the SDLC.,Ensure security is a first-class requirement.,Administrative,Annual review,False,CC8.1,A.8.25; A.8.26,14.1.1,,PR.IR-01,SA-3; SA-15,SA-3; SA-15,6.2; 6.2.1,§164.312(a)(1),Art. 25,
SDL,Secure Development Lifecycle,CCF-SDL-02,Security Requirements in Design,The organization incorporates security and privacy requirements into the design phase. Threat modeling or security design reviews are conducted for new features and significant changes.,Identify security risks early in design.,Operational,Per feature/project,False,CC8.1,A.8.25,14.1.1,,PR.IR-01,SA-8; SA-11,SA-8; SA-11,6.2.1,,Art. 25(1),
SDL,Secure Development Lifecycle,CCF-SDL-03,Code Review,The organization requires peer code review for all production code changes prior to merge and deployment.,Catch defects and security issues before production.,Operational,Per code change,False,CC8.1,A.8.25,,,PR.IR-01,SA-11,SA-11,6.2.3.1,,,
SDL,Secure Development Lifecycle,CCF-SDL-04,Static and Dynamic Application Security Testing,The organization integrates SAST and DAST into the CI/CD pipeline. Findings are triaged and remediated per SLAs.,Identify application vulnerabilities through automated testing.,Technical,SAST every build; DAST per release or monthly,False,CC7.1; CC8.1,A.8.25; A.8.29,,,PR.IR-01; DE.CM-06,SA-11; SA-11(1),SA-11; SA-11(1),6.2.4; 11.3.1,§164.308(a)(1)(ii)(A),Art. 32(1),
SDL,Secure Development Lifecycle,CCF-SDL-05,Penetration Testing,The organization conducts penetration testing at least annually. For FedRAMP: annual third-party penetration testing covering the full authorization boundary per FedRAMP penetration test guidance.,Validate controls through adversarial testing.,Operational,Annual (minimum); per FedRAMP pen test guidance,True,CC4.1; CC7.1,A.8.8,,,ID.RA-01,CA-8; CA-8(1),CA-8; CA-8(1); FedRAMP Pen Test Guidance,11.4; 11.4.1,§164.308(a)(8),Art. 32(1)(d),
SDL,Secure Development Lifecycle,CCF-SDL-06,Software Dependency and Supply Chain Security,"The organization maintains controls over third-party dependencies including SCA, SBOM generation, and license compliance. Vulnerable dependencies are remediated per SLAs.",Manage risks from third-party components.,Technical,Continuous; quarterly dependency review,False,CC7.1; CC9.2,A.8.28,,,ID.RA-01,SA-12; SR-3; SR-4,SA-12; SR-3; SR-4,6.3.2,,,
SDL,Secure Development Lifecycle,CCF-SDL-07,Environment Separation,"The organization maintains separate development, testing, and production environments. Production data is not used in non-production without anonymization.",Prevent unauthorized changes and data exposure through environment isolation.,Technical,Continuous enforcement,False,CC6.1; CC8.1,A.8.25; A.8.31,12.1.4,A.11.6,PR.DS-01,CM-4; SA-11,CM-4; SA-11,6.5.1; 6.5.2; 6.5.3,§164.312(a)(1),Art. 32(1),
SDL,Secure Development Lifecycle,CCF-SDL-08,Developer Security Training,"The organization provides annual security training to developers covering secure coding practices, OWASP Top 10, language-specific vulnerabilities, and the organization's secure development standards. Training completion is tracked.",Ensure developers have current knowledge of secure coding practices.,Administrative,Annual; upon onboarding of new developers,True,CC1.4,A.6.3,,,PR.AT-02,AT-3; SA-16,AT-3; SA-16,6.2.2,,,
CHM,Change Management,CCF-CHM-01,Change Management Policy and Process,"The organization establishes change management covering standard, normal, and emergency changes with appropriate governance.","Ensure changes are controlled, authorized, and traceable.",Administrative,Annual policy review; per-change execution,False,CC8.1,A.8.32,12.1.2,,PR.IP-03,CM-1; CM-3; CM-3(2),CM-1; CM-3; CM-3(2),6.5.1,§164.312(a)(1),,
CHM,Change Management,CCF-CHM-02,Change Authorization and Approval,All production changes require documented approval. Developers cannot self-approve (segregation of duties).,Prevent unauthorized production changes.,Operational,Per change,False,CC8.1,A.8.32,,,PR.IP-03,CM-3(1); CM-5,CM-3(1); CM-5,6.5.1; 6.5.2,§164.312(a)(1),,
CHM,Change Management,CCF-CHM-03,Change Testing and Validation,"Changes are tested in non-production prior to deployment including functional, regression, and security testing.",Prevent defects in production.,Operational,Per change,False,CC8.1,A.8.29; A.8.32,,,PR.IP-03,CM-4; CM-4(1); SA-11,CM-4; CM-4(1); SA-11,6.2.3; 6.5.3,,,
CHM,Change Management,CCF-CHM-04,Emergency Change Process,"Emergency changes require post-implementation review, retroactive approval, and documentation within defined timeframes.",Enable rapid response while maintaining accountability.,Operational,Per occurrence; retroactive review within 48 hours,False,CC8.1,A.8.32,,,PR.IP-03,CM-3(1),CM-3(1),6.5.1,,,
CHM,Change Management,CCF-CHM-05,Configuration Management,The organization maintains and enforces approved configuration baselines. Configuration is managed as code where possible. Deviations are detected and remediated.,Maintain known-good configurations and detect drift.,Technical,Continuous; quarterly baseline review,False,CC7.1; CC8.1,A.8.9,12.1.1,,PR.IP-01,CM-2; CM-2(1); CM-2(3); CM-2(7); CM-3; CM-6,CM-2; CM-2(1); CM-2(3); CM-2(7); CM-3; CM-6,2.2,,,
CHM,Change Management,CCF-CHM-06,Release Management,"The organization governs release packaging, scheduling, and deployment including rollback plans and post-deployment monitoring.",Ensure reliable and controlled deployment.,Operational,Per release,False,CC8.1,A.8.32,14.2.2,,PR.IP-03,CM-3; SA-10,CM-3; SA-10,6.5.1; 6.5.4,,,
LOG,Logging and Monitoring,CCF-LOG-01,Audit Logging Standards,"The organization defines and enforces audit logging standards specifying events, data fields (who, what, when, where, outcome), and scope. For FedRAMP High, all AU-2 events are logged and audit records include AU-3 content requirements.",Capture security-relevant events consistently.,Technical,Continuous; annual logging review,False,CC7.2,A.8.15,12.4.1,A.12.4.1,DE.AE-03,AU-1; AU-2; AU-3; AU-3(1),AU-1; AU-2; AU-3; AU-3(1),10.2; 10.2.1,§164.312(b),Art. 30,
LOG,Logging and Monitoring,CCF-LOG-02,Centralized Log Collection and Aggregation,"Logs from all in-scope systems are collected into a centralized SIEM. For FedRAMP, log collection covers the entire authorization boundary.",Enable correlated analysis and investigation.,Technical,Continuous; monthly coverage review,False,CC7.2; CC7.3,A.8.15,12.4.1,,DE.AE-03,AU-6; AU-6(1); AU-6(3); SI-4,AU-6; AU-6(1); AU-6(3),10.3; 10.3.3,§164.312(b),,
LOG,Logging and Monitoring,CCF-LOG-03,Log Retention,"Audit logs are retained for a minimum of one year with 90 days online. For FedRAMP High, logs must be available for immediate retrieval for 90 days and retained for at least one year.",Ensure logs are available for investigation and audit.,Technical,Continuous; annual retention review,True,CC7.2,A.8.15,12.4.1,A.12.4.1,DE.AE-03,AU-11,"AU-11; FedRAMP: 1yr retention, 90d online",10.5.1,§164.312(b),Art. 5(1)(e),
LOG,Logging and Monitoring,CCF-LOG-04,Security Monitoring and Alerting,"The organization implements 24/7 security monitoring with detection rules, alerting, and investigation SLAs. Monitoring covers IoCs, anomalous behavior, and high-risk events.",Detect incidents timely through active monitoring.,Technical,Continuous (24/7); monthly rule review,False,CC7.2; CC7.3,A.8.16,12.4.1,,DE.CM-01; DE.CM-06; DE.AE-02,SI-4; SI-4(2); IR-4,SI-4; SI-4(2),10.4.1; 10.7,§164.308(a)(1)(ii)(D),Art. 32(1),
LOG,Logging and Monitoring,CCF-LOG-05,Log Integrity Protection,"Logs are protected from unauthorized modification or deletion using write-once storage, separate accounts, and access restrictions.",Ensure trustworthy log data.,Technical,Continuous; annual review,False,CC7.2,A.8.15,12.4.2,,DE.AE-03,AU-9; AU-9(2); AU-9(4); AU-10,AU-9; AU-9(2); AU-9(4); AU-10,10.3.2,§164.312(b),,
LOG,Logging and Monitoring,CCF-LOG-06,Audit Record Generation and Content,"The information system generates audit records containing sufficient information to establish what type of event occurred, when it occurred, where it occurred, the source of the event, the outcome, and the identity of individuals or subjects associated with the event. Audit generation is configurable per FedRAMP AU-2 event list.",Ensure audit records contain sufficient detail for investigation and accountability.,Technical,Continuous; audit event list reviewed annually,True,CC7.2,A.8.15,,,DE.AE-03,AU-2; AU-3; AU-12; AU-12(1); AU-12(3),AU-2; AU-3; AU-12; AU-12(1); AU-12(3),10.2,§164.312(b),,
INC,Incident Management,CCF-INC-01,Incident Response Plan,"The organization maintains a documented IR plan covering classification, roles, communication, escalation, containment, and post-incident review. Tested at least annually.",Structured and effective incident response.,Administrative,Annual review and testing,False,CC7.3; CC7.4; CC7.5,A.5.24; A.5.25; A.5.26,16.1.1,A.16.1.1,RS.MA-01; RS.MA-02,IR-1; IR-8; IR-8(1),IR-1; IR-8; IR-8(1),12.10.1; 12.10.2,§164.308(a)(6)(i),Art. 33; Art. 34,
INC,Incident Management,CCF-INC-02,Incident Detection and Reporting,The organization implements automated and manual mechanisms for detecting and reporting incidents. All personnel are trained to report.,Timely identification and reporting of incidents.,Operational,Continuous; training annually,False,CC7.2; CC7.3,A.6.8; A.8.16,16.1.2,,DE.AE-02; DE.AE-06,IR-4; IR-6; IR-6(1),IR-4; IR-6; IR-6(1),12.10.5,§164.308(a)(6)(ii),Art. 33(1),
INC,Incident Management,CCF-INC-03,"Incident Containment, Eradication, and Recovery","Procedures for containment, root cause eradication, and system recovery including restoration and integrity verification.",Minimize impact and restore operations.,Operational,Per incident,False,CC7.4; CC7.5,A.5.26,16.1.5,,RS.MI-01; RS.MI-02; RC.RP-01,IR-4; IR-4(1); IR-5,IR-4; IR-4(1); IR-5,12.10.1,§164.308(a)(7)(i),Art. 33,
INC,Incident Management,CCF-INC-04,Incident Communication and Notification,"The organization maintains communication procedures including internal escalation, customer notification, and regulatory reporting. For FedRAMP, incidents are reported to US-CERT/CISA within 1 hour of determination for certain categories per FedRAMP Incident Communications Procedure.",Timely and appropriate communication during incidents.,Administrative,Per incident; FedRAMP: 1-hour reporting for certain categories,True,CC2.3; CC7.3; CC7.4,A.5.24; A.5.25,16.1.2,A.9.1,RS.CO-02; RS.CO-03,IR-6; IR-6(1); IR-7; IR-7(1),IR-6; IR-6(1); IR-7; IR-7(1); FedRAMP ICP: US-CERT 1hr reporting,12.10.1,§164.308(a)(6)(ii); §164.404,Art. 33; Art. 34,§1798.150(a)
INC,Incident Management,CCF-INC-05,Post-Incident Review and Lessons Learned,"Blameless postmortems for all significant incidents. Root cause analysis, lessons learned, and action items tracked.",Continuous improvement of incident response.,Operational,After each significant incident; within 5 business days,False,CC4.2; CC7.5,A.5.27,16.1.6,,RS.IM-01; RS.IM-02,IR-4(4),IR-4(4),12.10.2,§164.308(a)(6)(ii),,
INC,Incident Management,CCF-INC-06,Incident Response Training,"The organization provides incident response training to IR team members within role assignment and at least annually thereafter. Training includes tabletop exercises, tool usage, forensic procedures, and communication protocols.",Ensure IR team readiness through regular training and exercises.,Administrative,Annual; upon role assignment; after major exercises,True,CC7.3,A.5.24,,,RS.MA-01,IR-2; IR-2(1); IR-2(2),IR-2; IR-2(1); IR-2(2),12.10.1,,,
BCP,Business Continuity and Disaster Recovery,CCF-BCP-01,Business Continuity Plan,"The organization maintains a BCP identifying critical functions, dependencies, and recovery priorities. Tested annually.",Continue essential operations during disruptions.,Administrative,Annual review and testing,False,A1.2; A1.3,A.5.29; A.5.30,,,RC.RP-01; RC.RP-02,CP-1; CP-2; CP-2(1); CP-2(3); CP-2(8),CP-1; CP-2; CP-2(1); CP-2(3); CP-2(8),,§164.308(a)(7)(i),Art. 32(1)(c),
BCP,Business Continuity and Disaster Recovery,CCF-BCP-02,Disaster Recovery Plan,The organization maintains a DRP defining procedures for restoring IT systems and data. RTO and RPO are specified and validated.,Timely recovery of technology systems.,Administrative,Annual review; testing per CCF-BCP-03,False,A1.2; CC7.5,A.5.30; A.8.14,17.1.1,,RC.RP-01,CP-2; CP-10; CP-10(2),CP-2; CP-10; CP-10(2),,§164.308(a)(7)(ii)(B),Art. 32(1)(c),
BCP,Business Continuity and Disaster Recovery,CCF-BCP-03,BCP/DR Testing and Exercising,"Tests BCP/DR plans annually through tabletop, functional, or full-scale exercises. Validates recovery procedures and RTO/RPO.",Validate plan effectiveness and personnel preparedness.,Operational,Annual; semi-annual for critical systems,False,A1.3,A.5.30,17.1.2,,RC.RP-03,CP-4; CP-4(1),CP-4; CP-4(1),,§164.308(a)(7)(ii)(D),Art. 32(1)(d),
BCP,Business Continuity and Disaster Recovery,CCF-BCP-04,High Availability and Redundancy,"Critical systems designed with multi-AZ/multi-region redundancy, failover, and elimination of single points of failure.",Minimize disruptions through resilient architecture.,Technical,Continuous; annual review; semi-annual failover testing,False,A1.1; A1.2,A.8.14,17.2.1,,PR.IR-04; RC.RP-01,CP-7; CP-7(1); CP-7(2); CP-7(3); CP-8; CP-8(1); CP-8(2),CP-7; CP-7(1); CP-7(2); CP-7(3); CP-8; CP-8(1); CP-8(2),,§164.308(a)(7)(ii)(C),Art. 32(1)(b),
BCP,Business Continuity and Disaster Recovery,CCF-BCP-05,Alternate Processing and Storage Sites,The organization establishes alternate processing and storage sites that are geographically separated from the primary site. Alternate sites are equipped and configured to support recovery operations within defined RTO/RPO. Transfer agreements and network connectivity to alternate sites are established and tested.,Ensure recovery capability through geographically distributed infrastructure.,Technical,Continuous availability; annual failover testing to alternate site,True,A1.2,A.8.14,,,RC.RP-01,CP-6; CP-6(1); CP-6(2); CP-6(3); CP-7; CP-7(1),CP-6; CP-6(1); CP-6(2); CP-6(3); CP-7; CP-7(1),,,,
BCP,Business Continuity and Disaster Recovery,CCF-BCP-06,Contingency Plan Training,"The organization provides contingency plan training to designated personnel within 10 days of role assignment and annually thereafter. Training covers roles, responsibilities, plan procedures, and coordination requirements.",Ensure personnel are prepared to execute contingency plans.,Administrative,Within 10 days of role assignment; annual refresher,True,,A.5.30,,,RC.RP-03,CP-3; CP-3(1),CP-3; CP-3(1),,,,
VND,Vendor and Third-Party Management,CCF-VND-01,Vendor Risk Assessment,The organization conducts risk assessments of vendors prior to engagement and periodically. Assessment rigor is proportionate to criticality and data access.,Evaluate and manage third-party security risks.,Administrative,Pre-engagement; annual for critical vendors,False,CC9.2,A.5.19; A.5.20; A.5.21,CLD.6.3,A.15.1.1,GV.SC-03; GV.SC-06,SA-9; SA-9(2); SR-2; SR-5; SR-6,SA-9; SA-9(2); SR-2; SR-5; SR-6,12.8; 12.8.1,§164.308(b)(1),Art. 28(1),§1798.140(w)
VND,Vendor and Third-Party Management,CCF-VND-02,Vendor Security Requirements and Contracts,"Vendor contracts include security and privacy requirements, incident notification, audit rights, and data return/destruction provisions.",Establish binding vendor security obligations.,Administrative,At contract execution; renewal,False,CC9.2,A.5.19; A.5.20,CLD.6.3,A.15.1.2,GV.SC-05,SA-4; SA-9,SA-4; SA-9,12.8.2; 12.8.5,§164.308(b)(1); §164.314(a)(2),Art. 28(3),§1798.140(w)
VND,Vendor and Third-Party Management,CCF-VND-03,Vendor Monitoring and Oversight,"Ongoing monitoring of vendor compliance including certification review, incident tracking, and periodic reassessment.",Ensure vendors maintain security standards.,Operational,Annual; quarterly for tier-1,False,CC9.2; CC4.1,A.5.22,15.2.1,,GV.SC-09; GV.SC-10,SA-9(2); CA-7,SA-9(2); CA-7,12.8.4,§164.308(b)(1),Art. 28(3)(h),
VND,Vendor and Third-Party Management,CCF-VND-04,Subprocessor Management,Visibility into vendor subprocessors. Vendors notify of new subprocessors and ensure equivalent security. Subprocessor list maintained.,Extend oversight to downstream providers.,Administrative,Continuous notification; annual review,False,CC9.2,A.5.19; A.5.21,CLD.6.3,A.15.1.3,GV.SC-07,SA-9; SR-6,SA-9; SR-6,12.8.5,§164.314(a)(2)(i),Art. 28(2); Art. 28(4),§1798.140(w)
VND,Vendor and Third-Party Management,CCF-VND-05,Supply Chain Risk Management,"The organization develops and implements a supply chain risk management plan that identifies, assesses, and mitigates risks throughout the supply chain. The plan addresses acquisition processes, supplier diversity, counterfeit component detection, and supply chain threat analysis. For FedRAMP, supply chain controls align with NIST 800-161.",Manage end-to-end supply chain security risks.,Administrative,Annual plan review; continuous risk monitoring,True,CC9.2,A.5.21,,,GV.SC-01; GV.SC-02; GV.SC-04,SR-1; SR-2; SR-3; SR-5; SR-6; SR-11,SR-1; SR-2; SR-3; SR-5; SR-6; SR-11; NIST SP 800-161,,,,
PRI,Privacy,CCF-PRI-01,Privacy Policy and Notice,"Public-facing privacy notice covering data categories, purposes, sharing, rights, and contact info. Reviewed annually.",Transparent disclosure of data practices.,Administrative,Annual review,False,P1.1; P1.2,,,A.2.1,GV.PO-01,PT-3; PT-5,PT-3; PT-5,,§164.520,Art. 12; Art. 13; Art. 14,§1798.100(a); §1798.130
PRI,Privacy,CCF-PRI-02,Data Processing Inventory (RoPA),Record of processing activities maintained and available for regulatory review.,Comprehensive processing activity inventory.,Administrative,Continuous; quarterly review,False,P1.1,A.5.9,,A.2.5,ID.AM-05,PT-3; PM-25,PT-3; PM-25,,,Art. 30,§1798.100(a)
PRI,Privacy,CCF-PRI-03,Consent Management,Consent obtained and managed where applicable. Mechanisms for recording and honoring withdrawal.,Lawful consent-based processing.,Operational,Per data collection event,False,P2.1,,,A.2.1,,PT-4,PT-4,,§164.508,Art. 6(1)(a); Art. 7,§1798.120; §1798.135
PRI,Privacy,CCF-PRI-04,Data Subject Rights Management,Processes for receiving and responding to data subject rights requests within legal timeframes.,Enable individuals to exercise privacy rights.,Operational,Per request; within required timeframes,False,P4.1; P4.2,,,A.1.1; A.2.2,,IP-1; IP-2; IP-3; IP-4,IP-1; IP-2; IP-3; IP-4,,§164.524; §164.526,Art. 15; Art. 16; Art. 17; Art. 18; Art. 20; Art. 21,§1798.100; §1798.105; §1798.110
PRI,Privacy,CCF-PRI-05,Data Minimization and Purpose Limitation,Collection limited to what is necessary for specified purposes. Not repurposed without legal basis.,Reduce privacy risk through data minimization.,Administrative,At system design; annual review,False,P3.1; P3.2,,,A.2.1,,PT-2; PT-3,PT-2; PT-3,3.1,§164.502(b),Art. 5(1)(b); Art. 5(1)(c),§1798.100(c)
PRI,Privacy,CCF-PRI-06,Data Retention and Disposal,Defined retention schedules enforced. Disposal commensurate with data sensitivity.,Data not retained beyond its useful period.,Operational,Continuous; annual retention review,False,P5.1; P5.2,A.8.10,,A.9.4.2,,SI-12; MP-6,SI-12; MP-6,3.2.1,§164.530(j),Art. 5(1)(e); Art. 17,§1798.105
PRI,Privacy,CCF-PRI-07,Privacy Impact Assessments (DPIA),DPIAs conducted for high-risk processing. Results inform processing decisions.,Identify and mitigate privacy risks before processing.,Administrative,Prior to high-risk processing,False,P1.1,,,A.11.3,GV.RM-01,PT-5; RA-8,PT-5; RA-8,,,Art. 35; Art. 36,§1798.185(a)(15)
PRI,Privacy,CCF-PRI-08,Cross-Border Data Transfers,"Appropriate safeguards for international data transfers (SCCs, BCRs, etc.).",Lawful cross-border data transfer.,Administrative,Per transfer mechanism; annual review,False,P6.1,,,A.11.1,,PT-6,PT-6,,,Art. 44; Art. 45; Art. 46,
DGV,Data Governance,CCF-DGV-01,Data Integrity Controls,"Controls ensuring accuracy, completeness, and consistency of data during processing. Validation, checksums, and reconciliation.",Ensure data accuracy throughout processing.,Technical,Continuous,False,PI1.1; PI1.2,A.8.11,,,PR.DS-06,SI-7; SI-7(1); SI-10,SI-7; SI-7(1); SI-10,,§164.312(c)(1),Art. 5(1)(d),
DGV,Data Governance,CCF-DGV-02,Data Loss Prevention,"DLP controls to detect and prevent unauthorized exfiltration across email, web, cloud, endpoints, and APIs.",Prevent unauthorized data disclosure.,Technical,Continuous,False,CC6.1; CC6.7,A.8.10; A.8.11; A.8.12,,,PR.DS-01; PR.DS-02,SC-7; SI-4,SC-7; SI-4,,§164.312(e)(1),Art. 32(1),§1798.150(a)
DGV,Data Governance,CCF-DGV-03,Data Masking and Anonymization,"Masking, anonymization, or pseudonymization for sensitive data in non-production, analytics, and reporting.",Reduce sensitive data exposure.,Technical,Per data provisioning; annual review,False,C1.1,A.8.11,,A.10.1,PR.DS-01,SI-19,SI-19,3.4,§164.514,Art. 25(1),§1798.145(a)(5)
CMP,Compliance and Audit,CCF-CMP-01,Internal Audit Program,Independent internal audits on a risk-based schedule. Findings tracked to remediation.,Independent assurance of control effectiveness.,Administrative,Annual audit plan; per schedule,False,CC4.1; CC4.2,A.5.35; A.5.36,,,GV.OV-02,CA-2; CA-2(1); CA-7,CA-2; CA-2(1); CA-7,12.4.2,§164.308(a)(8),Art. 5(2),
CMP,Compliance and Audit,CCF-CMP-02,External Audit and Certification Management,"Manage external audits and certifications through structured preparation, evidence collection, and findings remediation.",Obtain independent security assurance.,Administrative,Annual per certification cycle,False,CC4.1,A.5.35,,,GV.OV-02,CA-2; CA-6,CA-2; CA-6,12.4.1,§164.308(a)(8),Art. 42,
CMP,Compliance and Audit,CCF-CMP-03,POA&M Management,"The organization maintains a Plan of Action and Milestones (POA&M) that documents known weaknesses, planned corrective actions, responsible parties, and milestones for remediation. POA&M items are reviewed and reported monthly. High-risk items are escalated to the AO. The POA&M is the authoritative tracking mechanism for all audit findings, vulnerability remediation, and control deficiencies.","Track and manage remediation of all identified weaknesses in a structured, auditable manner.",Administrative,Monthly review and update; continuous intake of new items,True,CC4.2; CC5.3,A.5.36,,,GV.OV-03,CA-5,CA-5; FedRAMP POA&M Template and Requirements,12.4.2.1,§164.308(a)(1)(ii)(B),,
CMP,Compliance and Audit,CCF-CMP-04,Continuous Monitoring Program,"The organization implements a continuous monitoring program aligned with FedRAMP ConMon requirements. The program includes ongoing assessment of security controls, vulnerability scanning, configuration monitoring, and monthly/annual reporting deliverables to the AO and FedRAMP PMO.",Maintain ongoing authorization through continuous security assessment and reporting.,Technical,Continuous; monthly ConMon deliverables; annual assessment,True,CC4.1; CC4.2,A.5.36,,,GV.OV-01; DE.CM-01,CA-7; CA-7(1); PM-14; PM-31,CA-7; CA-7(1); PM-14; PM-31; FedRAMP ConMon Requirements,10.7; 12.4.2,§164.308(a)(8),Art. 32(1)(d),
EDP,Endpoint Security,CCF-EDP-01,Endpoint Protection and Management,"MDM/UEM deployed on all corporate endpoints enforcing security configurations including disk encryption, screen lock, OS updates, and firewall.",Minimum security requirements for all endpoints.,Technical,Continuous; monthly compliance reporting,False,CC6.1; CC6.8,A.8.1,,,PR.IR-01,CM-6; SC-28,CM-6; SC-28,5.2,§164.310(c),Art. 32(1),
EDP,Endpoint Security,CCF-EDP-02,Endpoint Data Encryption,Full-disk encryption using FIPS-validated modules on all endpoints. Compliance verified automatically.,Protect endpoint data from unauthorized access.,Technical,Continuous enforcement,False,CC6.1; CC6.7,A.8.24,,,PR.DS-01,SC-28,SC-28; FIPS 140-2,3.5.1,§164.312(a)(2)(iv),Art. 32(1)(a),
EDP,Endpoint Security,CCF-EDP-03,Mobile Device Security,"MDM enrollment, passcode enforcement, remote wipe capability, and corporate data containerization.",Secure mobile access to corporate data.,Technical,Continuous; annual BYOD review,False,CC6.1,A.8.1,,,PR.AA-03,AC-19; AC-19(5),AC-19; AC-19(5),,§164.310(c),Art. 32(1),
